Fecha,Hora,camno2,camo3,campm10,campm2,
					2024-01-01,1,41.000,5.000,67.00,46,
					2024-01-01,2,41.000,1.000,84.00,66,
					2024-01-01,3,39.000,1.000,112.00,91,
					2024-01-01,4,37.000,2.000,126.00,104,
					2024-01-01,5,35.000,2.000,167.00,142,
					2024-01-01,6,32.000,1.000,149.00,128,
					2024-01-01,7,29.000,1.000,108.00,90,
					2024-01-01,8,28.000,1.000,108.00,95,
					2024-01-01,9,27.000,8.000,81.00,68,
					2024-01-01,10,24.000,29.000,70.00,58,
					2024-01-01,11,24.000,53.000,66.00,56,
					2024-01-01,12,15.000,74.000,87.00,72,
					2024-01-01,13,16.000,88.000,53.00,43,
					2024-01-01,14,16.000,104.000,58.00,47,
					2024-01-01,15,15.000,108.000,63.00,51,
					2024-01-01,16,12.000,91.000,45.00,35,
					2024-01-01,17,12.000,89.000,26.00,17,
					2024-01-01,18,14.000,86.000,26.00,20,
					2024-01-01,19,47.000,35.000,43.00,36,
					2024-01-01,20,43.000,26.000,39.00,24,
					2024-01-01,21,52.000,13.000,53.00,29,
					2024-01-01,22,41.000,13.000,56.00,29,
					2024-01-01,23,24.000,28.000,57.00,24,
					2024-01-01,24,38.000,12.000,46.00,23,
					2024-01-02,1,31.000,21.000,42.00,21,
					2024-01-02,2,27.000,20.000,31.00,15,
					2024-01-02,3,27.000,14.000,31.00,16,
					2024-01-02,4,28.000,11.000,31.00,19,
					2024-01-02,5,38.000,1.000,34.00,24,
					2024-01-02,6,38.000,1.000,40.00,27,
					2024-01-02,7,42.000,1.000,41.00,25,
					2024-01-02,8,41.000,1.000,51.00,32,
					2024-01-02,9,43.000,2.000,75.00,39,
					2024-01-02,10,49.000,6.000,82.00,35,
					2024-01-02,11,57.000,16.000,76.00,42,
					2024-01-02,12,40.000,31.000,78.00,46,
					2024-01-02,13,34.000,38.000,42.00,23,
					2024-01-02,14,24.000,52.000,36.00,19,
					2024-01-02,15,24.000,53.000,39.00,13,
					2024-01-02,16,22.000,56.000,34.00,24,
					2024-01-02,17,29.000,43.000,27.00,11,
					2024-01-02,18,30.000,36.000,34.00,3,
					2024-01-02,19,19.000,30.000,44.00,16,
					2024-01-02,20,23.000,21.000,32.00,14,
					2024-01-02,21,28.000,16.000,24.00,8,
					2024-01-02,22,47.000,7.000,26.00,6,
					2024-01-02,23,48.000,2.000,46.00,19,
					2024-01-02,24,52.000,1.000,46.00,21,
					2024-01-03,1,48.000,1.000,39.00,16,
					2024-01-03,2,47.000,1.000,45.00,22,
					2024-01-03,3,47.000,1.000,45.00,19,
					2024-01-03,4,46.000,1.000,55.00,27,
					2024-01-03,5,44.000,1.000,56.00,32,
					2024-01-03,6,44.000,1.000,43.00,18,
					2024-01-03,7,40.000,1.000,47.00,21,
					2024-01-03,8,42.000,1.000,38.00,20,
					2024-01-03,9,42.000,1.000,48.00,21,
					2024-01-03,10,50.000,3.000,50.00,18,
					2024-01-03,11,44.000,12.000,59.00,22,
					2024-01-03,12,44.000,23.000,72.00,19,
					2024-01-03,13,28.000,45.000,74.00,16,
					2024-01-03,14,26.000,53.000,32.00,14,
					2024-01-03,15,31.000,58.000,24.00,10,
					2024-01-03,16,38.000,63.000,29.00,14,
					2024-01-03,17,30.000,60.000,23.00,8,
					2024-01-03,18,32.000,34.000,46.00,23,
					2024-01-03,19,34.000,25.000,38.00,7,
					2024-01-03,20,34.000,17.000,41.00,15,
					2024-01-03,21,36.000,12.000,37.00,14,
					2024-01-03,22,39.000,11.000,44.00,15,
					2024-01-03,23,41.000,7.000,42.00,16,
					2024-01-03,24,42.000,3.000,37.00,14,
					2024-01-04,1,45.000,1.000,32.00,11,
					2024-01-04,2,45.000,1.000,41.00,14,
					2024-01-04,3,41.000,1.000,57.00,26,
					2024-01-04,4,49.000,1.000,52.00,29,
					2024-01-04,5,42.000,1.000,59.00,20,
					2024-01-04,6,50.000,1.000,44.00,15,
					2024-01-04,7,54.000,1.000,45.00,21,
					2024-01-04,8,40.000,1.000,71.00,31,
					2024-01-04,9,37.000,2.000,51.00,22,
					2024-01-04,10,38.000,8.000,42.00,20,
					2024-01-04,11,31.000,20.000,37.00,11,
					2024-01-04,12,19.000,37.000,34.00,14,
					2024-01-04,13,17.000,49.000,24.00,9,
					2024-01-04,14,14.000,52.000,23.00,6,
					2024-01-04,15,6.000,46.000,26.00,10,
					2024-01-04,16,7.000,46.000,,,
					2024-01-04,17,8.000,43.000,28.00,11,
					2024-01-04,18,11.000,36.000,35.00,13,
					2024-01-04,19,18.000,22.000,12.00,,
					2024-01-04,20,28.000,10.000,16.00,,
					2024-01-04,21,38.000,1.000,24.00,10,
					2024-01-04,22,24.000,10.000,33.00,16,
					2024-01-04,23,33.000,4.000,22.00,7,
					2024-01-04,24,,,26.00,12,
					2024-01-05,1,,,48.00,23,
					2024-01-05,2,,,104.00,37,
					2024-01-05,3,,,55.00,12,
					2024-01-05,4,39.000,1.000,50.00,22,
					2024-01-05,5,25.000,3.000,49.00,16,
					2024-01-05,6,29.000,1.000,11.00,5,
					2024-01-05,7,40.000,1.000,23.00,12,
					2024-01-05,8,41.000,1.000,76.00,29,
					2024-01-05,9,33.000,3.000,98.00,34,
					2024-01-05,10,19.000,13.000,52.00,19,
					2024-01-05,11,14.000,22.000,29.00,5,
					2024-01-05,12,15.000,27.000,24.00,0,
					2024-01-05,13,10.000,36.000,43.00,7,
					2024-01-05,14,6.000,40.000,28.00,5,
					2024-01-05,15,6.000,39.000,22.00,2,
					2024-01-05,16,5.000,37.000,33.00,11,
					2024-01-05,17,6.000,34.000,36.00,13,
					2024-01-05,18,8.000,29.000,,,
					2024-01-05,19,21.000,18.000,29.00,12,
					2024-01-05,20,26.000,10.000,28.00,10,
					2024-01-05,21,34.000,1.000,24.00,11,
					2024-01-05,22,30.000,1.000,22.00,7,
					2024-01-05,23,30.000,2.000,25.00,9,
					2024-01-05,24,23.000,8.000,23.00,6,
					2024-01-06,1,21.000,10.000,12.00,4,
					2024-01-06,2,31.000,1.000,15.00,9,
					2024-01-06,3,31.000,1.000,31.00,17,
					2024-01-06,4,30.000,1.000,29.00,8,
					2024-01-06,5,27.000,0.000,23.00,9,
					2024-01-06,6,27.000,1.000,28.00,15,
					2024-01-06,7,26.000,1.000,38.00,20,
					2024-01-06,8,31.000,1.000,28.00,15,
					2024-01-06,9,43.000,1.000,58.00,26,
					2024-01-06,10,24.000,11.000,69.00,31,
					2024-01-06,11,24.000,18.000,26.00,7,
					2024-01-06,12,10.000,32.000,19.00,4,
					2024-01-06,13,6.000,41.000,16.00,5,
					2024-01-06,14,8.000,47.000,13.00,3,
					2024-01-06,15,7.000,49.000,16.00,2,
					2024-01-06,16,5.000,43.000,,,
					2024-01-06,17,6.000,38.000,25.00,9,
					2024-01-06,18,7.000,34.000,,,
					2024-01-06,19,11.000,26.000,6.00,,
					2024-01-06,20,21.000,11.000,13.00,1,
					2024-01-06,21,22.000,9.000,19.00,7,
					2024-01-06,22,22.000,7.000,19.00,5,
					2024-01-06,23,22.000,6.000,19.00,6,
					2024-01-06,24,25.000,4.000,17.00,6,
					2024-01-07,1,25.000,3.000,23.00,10,
					2024-01-07,2,27.000,1.000,17.00,7,
					2024-01-07,3,24.000,5.000,19.00,10,
					2024-01-07,4,23.000,6.000,14.00,7,
					2024-01-07,5,25.000,5.000,10.00,2,
					2024-01-07,6,24.000,7.000,13.00,6,
					2024-01-07,7,30.000,2.000,8.00,2,
					2024-01-07,8,31.000,1.000,15.00,9,
					2024-01-07,9,32.000,2.000,27.00,8,
					2024-01-07,10,39.000,4.000,33.00,11,
					2024-01-07,11,38.000,12.000,45.00,18,
					2024-01-07,12,50.000,23.000,35.00,15,
					2024-01-07,13,53.000,36.000,49.00,30,
					2024-01-07,14,38.000,49.000,57.00,34,
					2024-01-07,15,40.000,51.000,54.00,38,
					2024-01-07,16,35.000,56.000,37.00,20,
					2024-01-07,17,12.000,25.000,56.00,34,
					2024-01-07,18,14.000,20.000,23.00,8,
					2024-01-07,19,24.000,9.000,16.00,8,
					2024-01-07,20,16.000,7.000,18.00,10,
					2024-01-07,21,12.000,11.000,8.00,3,
					2024-01-07,22,16.000,7.000,5.00,1,
					2024-01-07,23,38.000,1.000,10.00,5,
					2024-01-07,24,40.000,1.000,31.00,15,
					2024-01-08,1,37.000,1.000,43.00,23,
					2024-01-08,2,35.000,0.000,55.00,26,
					2024-01-08,3,29.000,1.000,44.00,24,
					2024-01-08,4,23.000,4.000,20.00,7,
					2024-01-08,5,12.000,15.000,21.00,11,
					2024-01-08,6,21.000,6.000,9.00,3,
					2024-01-08,7,27.000,1.000,23.00,11,
					2024-01-08,8,28.000,1.000,41.00,16,
					2024-01-08,9,29.000,3.000,60.00,21,
					2024-01-08,10,15.000,15.000,80.00,19,
					2024-01-08,11,12.000,23.000,23.00,6,
					2024-01-08,12,9.000,30.000,21.00,4,
					2024-01-08,13,9.000,31.000,12.00,1,
					2024-01-08,14,6.000,31.000,12.00,1,
					2024-01-08,15,5.000,29.000,17.00,8,
					2024-01-08,16,6.000,26.000,11.00,0,
					2024-01-08,17,8.000,22.000,21.00,8,
					2024-01-08,18,10.000,17.000,31.00,13,
					2024-01-08,19,10.000,15.000,21.00,7,
					2024-01-08,20,14.000,8.000,15.00,6,
					2024-01-08,21,19.000,3.000,12.00,5,
					2024-01-08,22,18.000,4.000,14.00,7,
					2024-01-08,23,15.000,6.000,12.00,5,
					2024-01-08,24,9.000,14.000,11.00,6,
					2024-01-09,1,6.000,20.000,10.00,5,
					2024-01-09,2,4.000,25.000,3.00,,
					2024-01-09,3,3.000,32.000,8.00,4,
					2024-01-09,4,4.000,31.000,10.00,2,
					2024-01-09,5,20.000,11.000,7.00,1,
					2024-01-09,6,32.000,1.000,20.00,11,
					2024-01-09,7,28.000,1.000,26.00,9,
					2024-01-09,8,31.000,1.000,28.00,7,
					2024-01-09,9,37.000,1.000,47.00,14,
					2024-01-09,10,46.000,1.000,54.00,12,
					2024-01-09,11,52.000,7.000,52.00,14,
					2024-01-09,12,41.000,18.000,49.00,15,
					2024-01-09,13,29.000,31.000,38.00,11,
					2024-01-09,14,21.000,40.000,29.00,8,
					2024-01-09,15,22.000,47.000,,,
					2024-01-09,16,25.000,48.000,22.00,7,
					2024-01-09,17,25.000,46.000,24.00,9,
					2024-01-09,18,20.000,35.000,,,
					2024-01-09,19,40.000,12.000,2.00,,
					2024-01-09,20,54.000,2.000,27.00,8,
					2024-01-09,21,55.000,2.000,44.00,19,
					2024-01-09,22,55.000,1.000,48.00,22,
					2024-01-09,23,54.000,1.000,56.00,23,
					2024-01-09,24,49.000,1.000,64.00,26,
					2024-01-10,1,50.000,1.000,65.00,24,
					2024-01-10,2,56.000,1.000,68.00,30,
					2024-01-10,3,51.000,1.000,146.00,45,
					2024-01-10,4,41.000,1.000,88.00,35,
					2024-01-10,5,41.000,1.000,34.00,13,
					2024-01-10,6,45.000,1.000,36.00,13,
					2024-01-10,7,45.000,1.000,62.00,25,
					2024-01-10,8,43.000,1.000,78.00,39,
					2024-01-10,9,45.000,1.000,46.00,13,
					2024-01-10,10,36.000,9.000,52.00,15,
					2024-01-10,11,24.000,23.000,42.00,8,
					2024-01-10,12,10.000,35.000,32.00,7,
					2024-01-10,13,7.000,40.000,20.00,4,
					2024-01-10,14,10.000,46.000,20.00,0,
					2024-01-10,15,13.000,44.000,34.00,12,
					2024-01-10,16,14.000,37.000,32.00,9,
					2024-01-10,17,11.000,40.000,28.00,4,
					2024-01-10,18,14.000,31.000,,,
					2024-01-10,19,18.000,25.000,18.00,,
					2024-01-10,20,15.000,26.000,12.00,,
					2024-01-10,21,28.000,11.000,27.00,7,
					2024-01-10,22,30.000,9.000,19.00,7,
					2024-01-10,23,22.000,17.000,14.00,6,
					2024-01-10,24,,,13.00,6,
					2024-01-11,1,,,13.00,4,
					2024-01-11,2,,,32.00,15,
					2024-01-11,3,,,43.00,14,
					2024-01-11,4,38.000,1.000,56.00,22,
					2024-01-11,5,41.000,1.000,37.00,8,
					2024-01-11,6,34.000,1.000,41.00,12,
					2024-01-11,7,37.000,1.000,52.00,22,
					2024-01-11,8,36.000,1.000,61.00,24,
					2024-01-11,9,50.000,2.000,83.00,31,
					2024-01-11,10,76.000,1.000,129.00,43,
					2024-01-11,11,106.000,2.000,125.00,38,
					2024-01-11,12,136.000,5.000,129.00,46,
					2024-01-11,13,116.000,20.000,152.00,67,
					2024-01-11,14,56.000,44.000,118.00,54,
					2024-01-11,15,12.000,54.000,61.00,31,
					2024-01-11,16,13.000,61.000,37.00,8,
					2024-01-11,17,12.000,56.000,42.00,18,
					2024-01-11,18,12.000,42.000,37.00,8,
					2024-01-11,19,13.000,33.000,19.00,,
					2024-01-11,20,39.000,14.000,32.00,16,
					2024-01-11,21,59.000,3.000,33.00,6,
					2024-01-11,22,60.000,1.000,52.00,20,
					2024-01-11,23,57.000,1.000,53.00,22,
					2024-01-11,24,55.000,1.000,53.00,24,
					2024-01-12,1,59.000,1.000,50.00,20,
					2024-01-12,2,50.000,1.000,75.00,34,
					2024-01-12,3,52.000,1.000,65.00,26,
					2024-01-12,4,41.000,1.000,82.00,34,
					2024-01-12,5,42.000,1.000,48.00,22,
					2024-01-12,6,41.000,1.000,46.00,18,
					2024-01-12,7,37.000,1.000,61.00,25,
					2024-01-12,8,47.000,2.000,45.00,17,
					2024-01-12,9,57.000,1.000,84.00,30,
					2024-01-12,10,58.000,3.000,101.00,36,
					2024-01-12,11,68.000,8.000,63.00,25,
					2024-01-12,12,73.000,26.000,78.00,29,
					2024-01-12,13,55.000,45.000,76.00,39,
					2024-01-12,14,40.000,65.000,60.00,35,
					2024-01-12,15,42.000,83.000,52.00,24,
					2024-01-12,16,38.000,95.000,46.00,20,
					2024-01-12,17,32.000,66.000,52.00,32,
					2024-01-12,18,37.000,28.000,45.00,18,
					2024-01-12,19,52.000,15.000,44.00,10,
					2024-01-12,20,62.000,4.000,78.00,27,
					2024-01-12,21,66.000,1.000,63.00,26,
					2024-01-12,22,70.000,1.000,65.00,23,
					2024-01-12,23,68.000,1.000,86.00,39,
					2024-01-12,24,62.000,1.000,92.00,39,
					2024-01-13,1,51.000,1.000,89.00,37,
					2024-01-13,2,49.000,1.000,83.00,34,
					2024-01-13,3,46.000,1.000,84.00,34,
					2024-01-13,4,46.000,1.000,69.00,31,
					2024-01-13,5,53.000,1.000,72.00,34,
					2024-01-13,6,41.000,1.000,94.00,45,
					2024-01-13,7,43.000,1.000,67.00,34,
					2024-01-13,8,37.000,1.000,76.00,37,
					2024-01-13,9,61.000,2.000,68.00,30,
					2024-01-13,10,55.000,3.000,114.00,40,
					2024-01-13,11,46.000,12.000,56.00,22,
					2024-01-13,12,30.000,25.000,45.00,17,
					2024-01-13,13,32.000,27.000,19.00,3,
					2024-01-13,14,20.000,35.000,36.00,22,
					2024-01-13,15,18.000,39.000,28.00,16,
					2024-01-13,16,11.000,35.000,18.00,5,
					2024-01-13,17,10.000,40.000,31.00,12,
					2024-01-13,18,12.000,31.000,24.00,10,
					2024-01-13,19,20.000,15.000,9.00,,
					2024-01-13,20,26.000,6.000,24.00,4,
					2024-01-13,21,28.000,4.000,20.00,5,
					2024-01-13,22,29.000,2.000,21.00,6,
					2024-01-13,23,31.000,1.000,36.00,17,
					2024-01-13,24,31.000,1.000,53.00,27,
					2024-01-14,1,31.000,1.000,42.00,16,
					2024-01-14,2,27.000,1.000,48.00,21,
					2024-01-14,3,24.000,1.000,46.00,19,
					2024-01-14,4,21.000,1.000,35.00,16,
					2024-01-14,5,23.000,1.000,35.00,16,
					2024-01-14,6,26.000,1.000,37.00,14,
					2024-01-14,7,22.000,1.000,56.00,21,
					2024-01-14,8,23.000,1.000,33.00,12,
					2024-01-14,9,38.000,1.000,40.00,18,
					2024-01-14,10,76.000,2.000,34.00,10,
					2024-01-14,11,70.000,16.000,70.00,35,
					2024-01-14,12,50.000,38.000,56.00,32,
					2024-01-14,13,32.000,43.000,56.00,33,
					2024-01-14,14,31.000,52.000,42.00,28,
					2024-01-14,15,22.000,61.000,26.00,7,
					2024-01-14,16,22.000,49.000,25.00,9,
					2024-01-14,17,18.000,51.000,27.00,17,
					2024-01-14,18,22.000,48.000,20.00,3,
					2024-01-14,19,35.000,22.000,19.00,5,
					2024-01-14,20,20.000,32.000,22.00,3,
					2024-01-14,21,18.000,31.000,27.00,10,
					2024-01-14,22,25.000,19.000,17.00,5,
					2024-01-14,23,47.000,1.000,22.00,9,
					2024-01-14,24,50.000,1.000,47.00,23,
					2024-01-15,1,50.000,1.000,58.00,30,
					2024-01-15,2,45.000,1.000,56.00,25,
					2024-01-15,3,39.000,0.000,51.00,21,
					2024-01-15,4,36.000,1.000,41.00,19,
					2024-01-15,5,37.000,1.000,30.00,14,
					2024-01-15,6,47.000,2.000,34.00,14,
					2024-01-15,7,42.000,1.000,65.00,19,
					2024-01-15,8,42.000,1.000,75.00,28,
					2024-01-15,9,49.000,1.000,121.00,43,
					2024-01-15,10,70.000,2.000,80.00,31,
					2024-01-15,11,66.000,8.000,95.00,37,
					2024-01-15,12,,,74.00,33,
					2024-01-15,13,,,,,
					2024-01-15,14,,,,,
					2024-01-15,15,,,,,
					2024-01-15,16,21.000,55.000,,,
					2024-01-15,17,29.000,62.000,23.00,8,
					2024-01-15,18,26.000,60.000,,,
					2024-01-15,19,58.000,11.000,34.00,16,
					2024-01-15,20,67.000,8.000,30.00,4,
					2024-01-15,21,69.000,2.000,38.00,9,
					2024-01-15,22,61.000,1.000,57.00,23,
					2024-01-15,23,59.000,2.000,45.00,16,
					2024-01-15,24,48.000,1.000,68.00,27,
					2024-01-16,1,45.000,1.000,50.00,23,
					2024-01-16,2,42.000,2.000,34.00,16,
					2024-01-16,3,40.000,2.000,29.00,13,
					2024-01-16,4,39.000,2.000,36.00,20,
					2024-01-16,5,39.000,2.000,42.00,24,
					2024-01-16,6,46.000,2.000,46.00,23,
					2024-01-16,7,55.000,2.000,69.00,31,
					2024-01-16,8,52.000,2.000,111.00,47,
					2024-01-16,9,65.000,2.000,140.00,42,
					2024-01-16,10,90.000,3.000,139.00,50,
					2024-01-16,11,101.000,13.000,103.00,46,
					2024-01-16,12,99.000,35.000,113.00,51,
					2024-01-16,13,34.000,59.000,98.00,54,
					2024-01-16,14,23.000,63.000,42.00,25,
					2024-01-16,15,21.000,72.000,28.00,12,
					2024-01-16,16,24.000,81.000,24.00,12,
					2024-01-16,17,26.000,94.000,37.00,23,
					2024-01-16,18,26.000,66.000,36.00,21,
					2024-01-16,19,33.000,40.000,41.00,15,
					2024-01-16,20,31.000,32.000,20.00,,
					2024-01-16,21,49.000,16.000,22.00,4,
					2024-01-16,22,70.000,2.000,48.00,28,
					2024-01-16,23,70.000,2.000,53.00,23,
					2024-01-16,24,,,87.00,37,
					2024-01-17,1,,,99.00,41,
					2024-01-17,2,,,46.00,17,
					2024-01-17,3,,,59.00,27,
					2024-01-17,4,34.000,7.000,35.00,15,
					2024-01-17,5,45.000,2.000,37.00,22,
					2024-01-17,6,50.000,2.000,52.00,31,
					2024-01-17,7,58.000,2.000,63.00,30,
					2024-01-17,8,51.000,2.000,96.00,41,
					2024-01-17,9,57.000,2.000,103.00,41,
					2024-01-17,10,77.000,3.000,85.00,31,
					2024-01-17,11,84.000,9.000,79.00,38,
					2024-01-17,12,90.000,29.000,76.00,38,
					2024-01-17,13,40.000,56.000,82.00,44,
					2024-01-17,14,37.000,74.000,56.00,34,
					2024-01-17,15,46.000,83.000,45.00,25,
					2024-01-17,16,39.000,100.000,91.00,51,
					2024-01-17,17,34.000,102.000,69.00,37,
					2024-01-17,18,33.000,70.000,67.00,39,
					2024-01-17,20,51.000,33.000,60.00,23,
					2024-01-17,21,70.000,14.000,69.00,34,
					2024-01-17,22,53.000,25.000,51.00,19,
					2024-01-17,23,68.000,6.000,52.00,26,
					2024-01-17,24,68.000,2.000,59.00,30,
					2024-01-18,1,56.000,2.000,62.00,25,
					2024-01-18,2,50.000,2.000,65.00,35,
					2024-01-18,3,38.000,10.000,37.00,18,
					2024-01-18,4,37.000,7.000,35.00,17,
					2024-01-18,5,40.000,5.000,37.00,20,
					2024-01-18,6,57.000,2.000,30.00,14,
					2024-01-18,7,58.000,3.000,55.00,27,
					2024-01-18,8,55.000,3.000,84.00,40,
					2024-01-18,9,48.000,2.000,114.00,41,
					2024-01-18,10,70.000,3.000,71.00,24,
					2024-01-18,11,110.000,7.000,80.00,29,
					2024-01-18,12,85.000,28.000,113.00,62,
					2024-01-18,13,51.000,34.000,78.00,44,
					2024-01-18,14,37.000,51.000,61.00,43,
					2024-01-18,15,29.000,64.000,34.00,11,
					2024-01-18,16,25.000,81.000,39.00,13,
					2024-01-18,17,32.000,81.000,51.00,28,
					2024-01-18,18,32.000,86.000,47.00,27,
					2024-01-18,19,70.000,34.000,44.00,27,
					2024-01-18,20,70.000,5.000,68.00,39,
					2024-01-18,21,75.000,2.000,76.00,29,
					2024-01-18,22,59.000,2.000,68.00,18,
					2024-01-18,23,52.000,2.000,70.00,26,
					2024-01-18,24,48.000,2.000,65.00,20,
					2024-01-19,1,44.000,2.000,50.00,19,
					2024-01-19,2,45.000,2.000,33.00,11,
					2024-01-19,3,40.000,4.000,36.00,17,
					2024-01-19,4,34.000,8.000,34.00,19,
					2024-01-19,5,37.000,3.000,31.00,16,
					2024-01-19,6,40.000,3.000,26.00,13,
					2024-01-19,7,46.000,2.000,36.00,19,
					2024-01-19,8,51.000,2.000,49.00,23,
					2024-01-19,9,,,,,
					2024-01-19,10,,,,,
					2024-01-19,11,,,,,
					2024-01-19,12,,,,,
					2024-01-19,13,,,,,
					2024-01-19,14,57.000,28.000,,,
					2024-01-19,15,33.000,38.000,60.00,26,
					2024-01-19,16,27.000,46.000,53.00,21,
					2024-01-19,17,30.000,39.000,48.00,18,
					2024-01-19,18,40.000,22.000,64.00,23,
					2024-01-19,19,49.000,9.000,63.00,12,
					2024-01-19,20,42.000,11.000,73.00,19,
					2024-01-19,21,36.000,12.000,49.00,8,
					2024-01-19,22,25.000,21.000,59.00,10,
					2024-01-19,23,32.000,12.000,58.00,7,
					2024-01-19,24,26.000,16.000,60.00,12,
					2024-01-20,1,34.000,7.000,33.00,6,
					2024-01-20,2,34.000,7.000,40.00,15,
					2024-01-20,3,36.000,5.000,47.00,21,
					2024-01-20,4,27.000,13.000,46.00,20,
					2024-01-20,5,19.000,20.000,32.00,16,
					2024-01-20,6,30.000,10.000,26.00,15,
					2024-01-20,7,39.000,3.000,34.00,21,
					2024-01-20,8,38.000,3.000,32.00,13,
					2024-01-20,9,34.000,7.000,36.00,17,
					2024-01-20,10,26.000,17.000,29.00,12,
					2024-01-20,11,24.000,21.000,27.00,10,
					2024-01-20,12,28.000,21.000,29.00,13,
					2024-01-20,13,27.000,28.000,24.00,7,
					2024-01-20,14,29.000,40.000,35.00,14,
					2024-01-20,15,28.000,48.000,41.00,18,
					2024-01-20,16,23.000,44.000,59.00,30,
					2024-01-20,17,30.000,29.000,51.00,16,
					2024-01-20,18,26.000,31.000,76.00,28,
					2024-01-20,19,22.000,23.000,68.00,20,
					2024-01-20,20,22.000,18.000,49.00,17,
					2024-01-20,21,29.000,8.000,18.00,2,
					2024-01-20,22,35.000,3.000,29.00,8,
					2024-01-20,23,34.000,3.000,38.00,14,
					2024-01-20,24,36.000,2.000,38.00,15,
					2024-01-21,1,36.000,1.000,30.00,11,
					2024-01-21,2,36.000,1.000,34.00,15,
					2024-01-21,3,35.000,1.000,31.00,13,
					2024-01-21,4,34.000,1.000,28.00,12,
					2024-01-21,5,34.000,1.000,26.00,10,
					2024-01-21,6,32.000,1.000,26.00,11,
					2024-01-21,7,33.000,1.000,25.00,13,
					2024-01-21,8,32.000,1.000,28.00,15,
					2024-01-21,9,37.000,2.000,42.00,21,
					2024-01-21,10,49.000,6.000,43.00,18,
					2024-01-21,11,48.000,24.000,46.00,23,
					2024-01-21,12,32.000,45.000,52.00,31,
					2024-01-21,13,26.000,45.000,44.00,25,
					2024-01-21,14,27.000,33.000,40.00,20,
					2024-01-21,15,25.000,45.000,36.00,20,
					2024-01-21,16,23.000,45.000,33.00,25,
					2024-01-21,17,28.000,51.000,26.00,18,
					2024-01-21,18,27.000,50.000,38.00,28,
					2024-01-21,19,45.000,26.000,37.00,25,
					2024-01-21,20,62.000,2.000,45.00,32,
					2024-01-21,21,56.000,2.000,51.00,36,
					2024-01-21,22,44.000,2.000,55.00,37,
					2024-01-21,23,45.000,2.000,41.00,26,
					2024-01-21,24,38.000,4.000,51.00,30,
					2024-01-22,1,34.000,8.000,47.00,25,
					2024-01-22,2,33.000,7.000,34.00,19,
					2024-01-22,3,34.000,2.000,32.00,18,
					2024-01-22,4,31.000,1.000,30.00,18,
					2024-01-22,5,31.000,2.000,36.00,24,
					2024-01-22,6,32.000,2.000,29.00,16,
					2024-01-22,7,29.000,2.000,49.00,33,
					2024-01-22,8,35.000,2.000,57.00,34,
					2024-01-22,9,44.000,2.000,81.00,46,
					2024-01-22,10,58.000,4.000,71.00,38,
					2024-01-22,11,59.000,12.000,64.00,38,
					2024-01-22,12,36.000,30.000,63.00,37,
					2024-01-22,13,38.000,36.000,31.00,21,
					2024-01-22,14,31.000,51.000,31.00,19,
					2024-01-22,15,20.000,60.000,25.00,15,
					2024-01-22,16,18.000,62.000,15.00,5,
					2024-01-22,17,20.000,64.000,18.00,8,
					2024-01-22,18,22.000,50.000,47.00,35,
					2024-01-22,19,29.000,23.000,42.00,27,
					2024-01-22,20,21.000,25.000,37.00,21,
					2024-01-22,21,21.000,23.000,22.00,10,
					2024-01-22,22,23.000,19.000,22.00,13,
					2024-01-22,23,42.000,2.000,24.00,14,
					2024-01-22,24,,,28.00,15,
					2024-01-23,1,,,37.00,19,
					2024-01-23,2,,,40.00,22,
					2024-01-23,3,,,27.00,14,
					2024-01-23,4,31.000,2.000,34.00,19,
					2024-01-23,5,36.000,2.000,32.00,16,
					2024-01-23,6,32.000,2.000,45.00,26,
					2024-01-23,7,37.000,2.000,42.00,23,
					2024-01-23,8,31.000,2.000,41.00,17,
					2024-01-23,9,44.000,2.000,49.00,25,
					2024-01-23,10,66.000,5.000,70.00,35,
					2024-01-23,11,70.000,15.000,65.00,34,
					2024-01-23,12,33.000,37.000,59.00,36,
					2024-01-23,13,29.000,51.000,39.00,25,
					2024-01-23,14,16.000,67.000,34.00,21,
					2024-01-23,15,16.000,70.000,19.00,10,
					2024-01-23,16,17.000,54.000,14.00,1,
					2024-01-23,17,18.000,56.000,33.00,11,
					2024-01-23,18,21.000,47.000,23.00,9,
					2024-01-23,19,15.000,41.000,38.00,20,
					2024-01-23,20,13.000,35.000,34.00,16,
					2024-01-23,21,25.000,21.000,32.00,19,
					2024-01-23,22,39.000,12.000,20.00,9,
					2024-01-23,23,35.000,11.000,27.00,13,
					2024-01-23,24,28.000,16.000,26.00,12,
					2024-01-24,1,41.000,2.000,24.00,11,
					2024-01-24,2,39.000,2.000,46.00,26,
					2024-01-24,3,37.000,2.000,37.00,20,
					2024-01-24,4,43.000,2.000,37.00,20,
					2024-01-24,5,50.000,2.000,28.00,14,
					2024-01-24,6,43.000,2.000,36.00,17,
					2024-01-24,7,34.000,2.000,60.00,31,
					2024-01-24,8,33.000,2.000,34.00,12,
					2024-01-24,9,44.000,2.000,60.00,28,
					2024-01-24,10,49.000,10.000,80.00,33,
					2024-01-24,11,46.000,21.000,53.00,29,
					2024-01-24,12,31.000,34.000,37.00,20,
					2024-01-24,13,13.000,40.000,35.00,17,
					2024-01-24,14,9.000,43.000,16.00,2,
					2024-01-24,15,11.000,47.000,38.00,15,
					2024-01-24,16,12.000,46.000,40.00,14,
					2024-01-24,17,13.000,42.000,26.00,6,
					2024-01-24,18,15.000,36.000,,,
					2024-01-24,19,16.000,33.000,18.00,6,
					2024-01-24,20,23.000,24.000,27.00,15,
					2024-01-24,21,31.000,17.000,22.00,11,
					2024-01-24,22,32.000,14.000,24.00,11,
					2024-01-24,23,34.000,9.000,19.00,8,
					2024-01-24,24,43.000,2.000,22.00,11,
					2024-01-25,1,35.000,2.000,53.00,34,
					2024-01-25,2,33.000,2.000,35.00,17,
					2024-01-25,3,33.000,2.000,26.00,12,
					2024-01-25,4,30.000,2.000,33.00,19,
					2024-01-25,5,31.000,2.000,27.00,14,
					2024-01-25,6,35.000,2.000,34.00,16,
					2024-01-25,7,31.000,2.000,63.00,36,
					2024-01-25,8,40.000,2.000,40.00,17,
					2024-01-25,9,39.000,2.000,76.00,23,
					2024-01-25,10,53.000,5.000,61.00,17,
					2024-01-25,11,69.000,12.000,59.00,22,
					2024-01-25,12,48.000,33.000,75.00,34,
					2024-01-25,13,29.000,44.000,52.00,31,
					2024-01-25,14,31.000,58.000,29.00,15,
					2024-01-25,15,11.000,50.000,42.00,27,
					2024-01-25,16,7.000,45.000,33.00,18,
					2024-01-25,17,7.000,38.000,28.00,5,
					2024-01-25,18,9.000,30.000,31.00,7,
					2024-01-25,19,13.000,23.000,19.00,0,
					2024-01-25,20,25.000,8.000,24.00,11,
					2024-01-25,21,30.000,3.000,21.00,10,
					2024-01-25,22,30.000,2.000,13.00,,
					2024-01-25,23,30.000,2.000,30.00,13,
					2024-01-25,24,32.000,2.000,32.00,13,
					2024-01-26,1,30.000,2.000,50.00,23,
					2024-01-26,2,29.000,1.000,47.00,24,
					2024-01-26,3,27.000,2.000,44.00,23,
					2024-01-26,4,30.000,1.000,41.00,23,
					2024-01-26,5,38.000,2.000,31.00,19,
					2024-01-26,6,28.000,2.000,27.00,12,
					2024-01-26,7,26.000,2.000,45.00,26,
					2024-01-26,8,32.000,2.000,34.00,9,
					2024-01-26,9,41.000,2.000,85.00,34,
					2024-01-26,10,60.000,4.000,57.00,19,
					2024-01-26,11,49.000,13.000,50.00,22,
					2024-01-26,12,34.000,25.000,40.00,18,
					2024-01-26,13,22.000,39.000,22.00,12,
					2024-01-26,14,8.000,46.000,15.00,2,
					2024-01-26,15,6.000,42.000,27.00,10,
					2024-01-26,16,6.000,41.000,16.00,0,
					2024-01-26,17,7.000,38.000,33.00,7,
					2024-01-26,18,8.000,34.000,29.00,4,
					2024-01-26,19,16.000,22.000,24.00,5,
					2024-01-26,20,17.000,18.000,32.00,15,
					2024-01-26,21,17.000,17.000,26.00,13,
					2024-01-26,22,23.000,10.000,12.00,,
					2024-01-26,23,21.000,11.000,17.00,8,
					2024-01-26,24,30.000,3.000,14.00,7,
					2024-01-27,1,32.000,2.000,30.00,16,
					2024-01-27,2,31.000,2.000,43.00,19,
					2024-01-27,3,30.000,2.000,44.00,20,
					2024-01-27,4,31.000,2.000,44.00,20,
					2024-01-27,5,35.000,2.000,50.00,29,
					2024-01-27,6,35.000,2.000,19.00,3,
					2024-01-27,7,35.000,2.000,28.00,12,
					2024-01-27,8,32.000,2.000,59.00,31,
					2024-01-27,9,32.000,3.000,78.00,35,
					2024-01-27,10,43.000,6.000,53.00,24,
					2024-01-27,11,57.000,13.000,46.00,21,
					2024-01-27,12,61.000,31.000,50.00,25,
					2024-01-27,13,45.000,54.000,53.00,31,
					2024-01-27,14,27.000,58.000,48.00,29,
					2024-01-27,15,17.000,66.000,37.00,24,
					2024-01-27,16,17.000,81.000,32.00,21,
					2024-01-27,17,15.000,87.000,25.00,13,
					2024-01-27,18,18.000,85.000,35.00,22,
					2024-01-27,19,29.000,46.000,29.00,18,
					2024-01-27,20,22.000,29.000,64.00,16,
					2024-01-27,21,31.000,15.000,47.00,13,
					2024-01-27,22,29.000,14.000,59.00,26,
					2024-01-27,23,35.000,6.000,56.00,24,
					2024-01-27,24,19.000,18.000,53.00,27,
					2024-01-28,1,26.000,8.000,41.00,20,
					2024-01-28,2,25.000,7.000,43.00,24,
					2024-01-28,3,25.000,6.000,39.00,26,
					2024-01-28,4,21.000,7.000,40.00,28,
					2024-01-28,5,24.000,5.000,38.00,27,
					2024-01-28,6,18.000,8.000,46.00,34,
					2024-01-28,7,21.000,6.000,29.00,20,
					2024-01-28,8,22.000,7.000,42.00,30,
					2024-01-28,9,17.000,13.000,40.00,27,
					2024-01-28,10,22.000,10.000,45.00,31,
					2024-01-28,11,24.000,11.000,58.00,42,
					2024-01-28,12,25.000,17.000,76.00,54,
					2024-01-28,13,26.000,31.000,84.00,59,
					2024-01-28,14,27.000,47.000,87.00,60,
					2024-01-28,15,23.000,65.000,81.00,54,
					2024-01-28,16,20.000,68.000,86.00,59,
					2024-01-28,17,14.000,72.000,79.00,49,
					2024-01-28,18,19.000,68.000,41.00,18,
					2024-01-28,19,24.000,51.000,55.00,33,
					2024-01-28,20,24.000,31.000,66.00,36,
					2024-01-28,21,32.000,14.000,34.00,7,
					2024-01-28,22,30.000,17.000,40.00,9,
					2024-01-28,23,31.000,12.000,38.00,15,
					2024-01-28,24,,,31.00,12,
					2024-01-29,1,,,37.00,19,
					2024-01-29,2,,,39.00,17,
					2024-01-29,3,,,43.00,24,
					2024-01-29,4,30.000,3.000,47.00,27,
					2024-01-29,5,27.000,2.000,52.00,38,
					2024-01-29,6,28.000,2.000,66.00,48,
					2024-01-29,7,28.000,2.000,74.00,58,
					2024-01-29,8,30.000,2.000,59.00,46,
					2024-01-29,9,32.000,3.000,65.00,42,
					2024-01-29,10,43.000,6.000,64.00,40,
					2024-01-29,11,56.000,16.000,68.00,41,
					2024-01-29,12,43.000,38.000,85.00,53,
					2024-01-29,13,38.000,57.000,62.00,38,
					2024-01-29,14,34.000,62.000,52.00,34,
					2024-01-29,15,20.000,53.000,51.00,30,
					2024-01-29,16,27.000,50.000,39.00,21,
					2024-01-29,17,34.000,44.000,42.00,22,
					2024-01-29,18,37.000,43.000,46.00,17,
					2024-01-29,19,44.000,21.000,54.00,20,
					2024-01-29,20,35.000,13.000,68.00,21,
					2024-01-29,21,37.000,7.000,55.00,12,
					2024-01-29,22,34.000,9.000,48.00,14,
					2024-01-29,23,34.000,8.000,37.00,12,
					2024-01-29,24,28.000,11.000,27.00,7,
					2024-01-30,1,24.000,17.000,29.00,13,
					2024-01-30,2,31.000,9.000,22.00,9,
					2024-01-30,3,37.000,3.000,27.00,15,
					2024-01-30,4,22.000,15.000,37.00,21,
					2024-01-30,5,27.000,7.000,17.00,7,
					2024-01-30,6,34.000,2.000,22.00,12,
					2024-01-30,7,38.000,2.000,44.00,27,
					2024-01-30,8,34.000,2.000,60.00,32,
					2024-01-30,9,36.000,3.000,53.00,22,
					2024-01-30,10,43.000,5.000,50.00,18,
					2024-01-30,11,44.000,13.000,58.00,29,
					2024-01-30,12,45.000,24.000,44.00,22,
					2024-01-30,13,42.000,24.000,41.00,21,
					2024-01-30,14,22.000,37.000,44.00,22,
					2024-01-30,15,27.000,31.000,40.00,16,
					2024-01-30,16,32.000,35.000,54.00,26,
					2024-01-30,17,31.000,16.000,48.00,21,
					2024-01-30,18,32.000,17.000,41.00,15,
					2024-01-30,19,34.000,14.000,34.00,6,
					2024-01-30,20,42.000,5.000,33.00,5,
					2024-01-30,21,43.000,3.000,46.00,12,
					2024-01-30,22,40.000,4.000,41.00,14,
					2024-01-30,23,42.000,3.000,29.00,12,
					2024-01-30,24,41.000,2.000,39.00,20,
					2024-01-31,1,42.000,2.000,47.00,21,
					2024-01-31,2,41.000,2.000,54.00,22,
					2024-01-31,3,36.000,2.000,48.00,18,
					2024-01-31,4,36.000,2.000,43.00,22,
					2024-01-31,5,36.000,2.000,40.00,18,
					2024-01-31,6,37.000,2.000,41.00,18,
					2024-01-31,7,38.000,2.000,61.00,26,
					2024-01-31,8,34.000,3.000,75.00,37,
					2024-01-31,9,35.000,4.000,64.00,30,
					2024-01-31,10,44.000,5.000,47.00,20,
					2024-01-31,11,56.000,7.000,67.00,32,
					2024-01-31,12,56.000,17.000,70.00,35,
					2024-01-31,13,58.000,31.000,68.00,34,
					2024-01-31,14,55.000,52.000,55.00,30,
					2024-01-31,15,49.000,67.000,70.00,40,
					2024-01-31,16,42.000,62.000,68.00,40,
					2024-01-31,17,38.000,65.000,45.00,23,
					2024-01-31,18,30.000,69.000,44.00,24,
					2024-01-31,19,27.000,35.000,46.00,20,
					2024-01-31,20,25.000,31.000,18.00,,
					2024-01-31,21,30.000,13.000,48.00,9,
					2024-01-31,22,37.000,5.000,46.00,3,
					2024-01-31,23,25.000,24.000,47.00,10,
					2024-01-31,24,25.000,23.000,32.00,14,
					Fecha,Hora,merno2,mero3,merpm10,merpm2,
					2024-01-01,1,51.000,3.000,73.00,52,
					2024-01-01,2,50.000,3.000,101.00,77,
					2024-01-01,3,49.000,3.000,103.00,80,
					2024-01-01,4,45.000,3.000,141.00,114,
					2024-01-01,5,40.000,4.000,160.00,133,
					2024-01-01,6,42.000,5.000,159.00,138,
					2024-01-01,7,47.000,5.000,192.00,160,
					2024-01-01,8,49.000,5.000,181.00,154,
					2024-01-01,9,49.000,5.000,186.00,154,
					2024-01-01,10,62.000,11.000,183.00,150,
					2024-01-01,11,60.000,34.000,173.00,148,
					2024-01-01,12,26.000,62.000,162.00,143,
					2024-01-01,13,21.000,71.000,83.00,73,
					2024-01-01,14,15.000,90.000,50.00,41,
					2024-01-01,15,15.000,96.000,45.00,39,
					2024-01-01,16,21.000,81.000,45.00,32,
					2024-01-01,17,18.000,80.000,35.00,28,
					2024-01-01,18,23.000,74.000,33.00,28,
					2024-01-01,19,23.000,51.000,35.00,29,
					2024-01-01,20,33.000,35.000,39.00,20,
					2024-01-01,21,47.000,22.000,48.00,30,
					2024-01-01,22,50.000,15.000,49.00,29,
					2024-01-01,23,29.000,23.000,54.00,31,
					2024-01-01,24,33.000,15.000,51.00,27,
					2024-01-02,1,44.000,7.000,45.00,24,
					2024-01-02,2,32.000,17.000,50.00,32,
					2024-01-02,3,34.000,13.000,25.00,12,
					2024-01-02,4,39.000,4.000,45.00,33,
					2024-01-02,5,42.000,1.000,49.00,36,
					2024-01-02,6,46.000,1.000,42.00,26,
					2024-01-02,7,50.000,2.000,50.00,31,
					2024-01-02,8,53.000,2.000,59.00,32,
					2024-01-02,9,45.000,2.000,69.00,38,
					2024-01-02,10,58.000,4.000,64.00,37,
					2024-01-02,11,57.000,18.000,71.00,43,
					2024-01-02,12,38.000,34.000,52.00,33,
					2024-01-02,13,33.000,41.000,46.00,31,
					2024-01-02,14,24.000,53.000,36.00,22,
					2024-01-02,15,14.000,54.000,26.00,15,
					2024-01-02,16,21.000,49.000,21.00,10,
					2024-01-02,17,25.000,42.000,47.00,20,
					2024-01-02,18,35.000,37.000,45.00,14,
					2024-01-02,19,42.000,24.000,46.00,15,
					2024-01-02,20,51.000,12.000,51.00,24,
					2024-01-02,21,55.000,4.000,42.00,16,
					2024-01-02,22,55.000,3.000,51.00,26,
					2024-01-02,23,50.000,2.000,73.00,39,
					2024-01-02,24,54.000,2.000,48.00,23,
					2024-01-03,1,48.000,2.000,58.00,34,
					2024-01-03,2,47.000,1.000,53.00,28,
					2024-01-03,3,48.000,1.000,51.00,31,
					2024-01-03,4,46.000,1.000,37.00,16,
					2024-01-03,5,38.000,1.000,57.00,37,
					2024-01-03,6,39.000,1.000,44.00,27,
					2024-01-03,7,39.000,1.000,41.00,23,
					2024-01-03,8,43.000,1.000,55.00,34,
					2024-01-03,9,41.000,2.000,53.00,32,
					2024-01-03,10,44.000,4.000,30.00,8,
					2024-01-03,11,63.000,6.000,47.00,25,
					2024-01-03,12,55.000,16.000,50.00,24,
					2024-01-03,13,31.000,38.000,45.00,21,
					2024-01-03,14,28.000,48.000,,,
					2024-01-03,15,30.000,63.000,,,
					2024-01-03,16,25.000,66.000,,,
					2024-01-03,17,18.000,59.000,0.00,,
					2024-01-03,18,21.000,43.000,41.00,12,
					2024-01-03,19,36.000,24.000,52.00,14,
					2024-01-03,20,33.000,21.000,60.00,22,
					2024-01-03,21,44.000,11.000,42.00,12,
					2024-01-03,22,41.000,9.000,52.00,20,
					2024-01-03,23,47.000,3.000,40.00,14,
					2024-01-03,24,50.000,3.000,36.00,14,
					2024-01-04,1,43.000,4.000,64.00,39,
					2024-01-04,2,44.000,1.000,62.00,39,
					2024-01-04,3,41.000,1.000,28.00,11,
					2024-01-04,4,40.000,1.000,43.00,28,
					2024-01-04,5,37.000,1.000,38.00,24,
					2024-01-04,6,34.000,2.000,35.00,22,
					2024-01-04,7,41.000,1.000,26.00,13,
					2024-01-04,8,45.000,1.000,48.00,20,
					2024-01-04,9,45.000,2.000,48.00,19,
					2024-01-04,10,36.000,12.000,44.00,17,
					2024-01-04,11,16.000,29.000,39.00,23,
					2024-01-04,12,,,,,
					2024-01-04,13,,,,,
					2024-01-04,14,,,,,
					2024-01-04,15,18.000,39.000,,,
					2024-01-04,16,18.000,28.000,41.00,9,
					2024-01-04,17,19.000,27.000,33.00,10,
					2024-01-04,18,27.000,20.000,22.00,8,
					2024-01-04,19,37.000,8.000,24.00,7,
					2024-01-04,20,34.000,7.000,39.00,21,
					2024-01-04,21,35.000,7.000,29.00,13,
					2024-01-04,22,37.000,6.000,32.00,14,
					2024-01-04,23,33.000,7.000,47.00,26,
					2024-01-04,24,,,37.00,19,
					2024-01-05,1,,,43.00,25,
					2024-01-05,2,,,22.00,6,
					2024-01-05,3,,,27.00,12,
					2024-01-05,4,22.000,8.000,25.00,14,
					2024-01-05,5,22.000,8.000,0.00,,
					2024-01-05,6,30.000,2.000,3.00,,
					2024-01-05,7,35.000,1.000,22.00,14,
					2024-01-05,8,38.000,2.000,22.00,6,
					2024-01-05,9,25.000,8.000,37.00,15,
					2024-01-05,10,15.000,18.000,25.00,6,
					2024-01-05,11,11.000,25.000,17.00,5,
					2024-01-05,12,10.000,29.000,37.00,5,
					2024-01-05,13,11.000,35.000,55.00,6,
					2024-01-05,14,17.000,36.000,41.00,6,
					2024-01-05,15,15.000,30.000,22.00,0,
					2024-01-05,16,18.000,29.000,26.00,3,
					2024-01-05,17,14.000,32.000,33.00,10,
					2024-01-05,18,17.000,26.000,35.00,11,
					2024-01-05,19,24.000,18.000,35.00,8,
					2024-01-05,20,27.000,10.000,34.00,17,
					2024-01-05,21,31.000,8.000,19.00,8,
					2024-01-05,22,24.000,9.000,25.00,11,
					2024-01-05,23,36.000,4.000,25.00,12,
					2024-01-05,24,35.000,2.000,51.00,29,
					2024-01-06,1,36.000,2.000,43.00,24,
					2024-01-06,2,35.000,2.000,34.00,15,
					2024-01-06,3,31.000,1.000,42.00,27,
					2024-01-06,4,29.000,2.000,8.00,,
					2024-01-06,5,30.000,2.000,11.00,,
					2024-01-06,6,34.000,2.000,16.00,7,
					2024-01-06,7,34.000,2.000,21.00,8,
					2024-01-06,8,33.000,2.000,36.00,19,
					2024-01-06,9,31.000,4.000,30.00,15,
					2024-01-06,10,25.000,12.000,27.00,12,
					2024-01-06,11,25.000,21.000,19.00,7,
					2024-01-06,12,18.000,30.000,22.00,11,
					2024-01-06,13,19.000,37.000,19.00,10,
					2024-01-06,14,18.000,42.000,19.00,9,
					2024-01-06,15,16.000,43.000,14.00,7,
					2024-01-06,16,,,,,
					2024-01-06,17,15.000,39.000,,,
					2024-01-06,18,16.000,46.000,,,
					2024-01-06,19,24.000,16.000,,,
					2024-01-06,20,26.000,11.000,31.00,16,
					2024-01-06,21,23.000,10.000,19.00,9,
					2024-01-06,22,25.000,8.000,23.00,13,
					2024-01-06,23,29.000,4.000,18.00,9,
					2024-01-06,24,31.000,2.000,26.00,13,
					2024-01-07,1,34.000,2.000,36.00,22,
					2024-01-07,2,34.000,2.000,38.00,18,
					2024-01-07,3,32.000,2.000,34.00,20,
					2024-01-07,4,32.000,2.000,33.00,14,
					2024-01-07,5,31.000,2.000,44.00,29,
					2024-01-07,6,29.000,1.000,35.00,18,
					2024-01-07,7,31.000,2.000,39.00,25,
					2024-01-07,8,36.000,2.000,44.00,28,
					2024-01-07,9,33.000,2.000,44.00,18,
					2024-01-07,10,38.000,4.000,32.00,10,
					2024-01-07,11,42.000,12.000,31.00,11,
					2024-01-07,12,57.000,18.000,36.00,19,
					2024-01-07,13,56.000,28.000,53.00,35,
					2024-01-07,14,44.000,52.000,44.00,29,
					2024-01-07,15,26.000,53.000,51.00,37,
					2024-01-07,16,22.000,45.000,33.00,16,
					2024-01-07,17,23.000,21.000,27.00,12,
					2024-01-07,18,20.000,18.000,23.00,13,
					2024-01-07,19,18.000,13.000,13.00,7,
					2024-01-07,20,18.000,8.000,11.00,6,
					2024-01-07,21,17.000,7.000,9.00,5,
					2024-01-07,22,30.000,3.000,7.00,4,
					2024-01-07,23,45.000,2.000,19.00,9,
					2024-01-07,24,43.000,2.000,41.00,19,
					2024-01-08,1,34.000,3.000,42.00,20,
					2024-01-08,2,15.000,12.000,17.00,3,
					2024-01-08,3,9.000,16.000,23.00,14,
					2024-01-08,4,8.000,19.000,,,
					2024-01-08,5,12.000,16.000,21.00,12,
					2024-01-08,6,12.000,16.000,4.00,,
					2024-01-08,7,15.000,12.000,17.00,9,
					2024-01-08,8,20.000,9.000,,,
					2024-01-08,9,20.000,12.000,,,
					2024-01-08,10,13.000,18.000,17.00,6,
					2024-01-08,11,12.000,23.000,11.00,1,
					2024-01-08,12,12.000,27.000,27.00,14,
					2024-01-08,13,14.000,31.000,12.00,4,
					2024-01-08,14,14.000,28.000,19.00,7,
					2024-01-08,15,12.000,22.000,,,
					2024-01-08,16,13.000,19.000,6.00,,
					2024-01-08,17,17.000,15.000,13.00,5,
					2024-01-08,18,16.000,14.000,,,
					2024-01-08,19,19.000,9.000,20.00,10,
					2024-01-08,20,19.000,7.000,17.00,7,
					2024-01-08,21,18.000,8.000,25.00,15,
					2024-01-08,22,19.000,5.000,10.00,3,
					2024-01-08,23,21.000,3.000,16.00,9,
					2024-01-08,24,17.000,7.000,6.00,,
					2024-01-09,1,19.000,6.000,18.00,13,
					2024-01-09,2,24.000,4.000,3.00,2,
					2024-01-09,3,10.000,22.000,12.00,2,
					2024-01-09,4,7.000,27.000,8.00,3,
					2024-01-09,5,12.000,21.000,11.00,4,
					2024-01-09,6,32.000,3.000,7.00,0,
					2024-01-09,7,28.000,1.000,14.00,3,
					2024-01-09,8,28.000,1.000,23.00,5,
					2024-01-09,9,30.000,2.000,40.00,15,
					2024-01-09,10,37.000,3.000,38.00,16,
					2024-01-09,11,41.000,9.000,33.00,10,
					2024-01-09,12,41.000,17.000,30.00,11,
					2024-01-09,13,39.000,26.000,36.00,17,
					2024-01-09,14,34.000,33.000,19.00,5,
					2024-01-09,15,33.000,39.000,16.00,2,
					2024-01-09,16,35.000,41.000,17.00,8,
					2024-01-09,17,41.000,39.000,12.00,1,
					2024-01-09,18,37.000,22.000,30.00,13,
					2024-01-09,19,53.000,10.000,22.00,9,
					2024-01-09,20,60.000,4.000,38.00,19,
					2024-01-09,21,55.000,4.000,37.00,15,
					2024-01-09,22,54.000,4.000,48.00,20,
					2024-01-09,23,52.000,4.000,46.00,20,
					2024-01-09,24,52.000,2.000,47.00,21,
					2024-01-10,1,49.000,3.000,47.00,20,
					2024-01-10,2,39.000,5.000,54.00,32,
					2024-01-10,3,36.000,6.000,19.00,5,
					2024-01-10,4,32.000,8.000,36.00,25,
					2024-01-10,5,39.000,2.000,14.00,5,
					2024-01-10,6,43.000,2.000,15.00,3,
					2024-01-10,7,44.000,2.000,32.00,15,
					2024-01-10,8,45.000,3.000,39.00,20,
					2024-01-10,9,48.000,3.000,47.00,22,
					2024-01-10,10,39.000,11.000,50.00,13,
					2024-01-10,11,37.000,17.000,30.00,3,
					2024-01-10,12,28.000,26.000,49.00,15,
					2024-01-10,13,21.000,30.000,34.00,7,
					2024-01-10,14,20.000,40.000,35.00,13,
					2024-01-10,15,23.000,42.000,21.00,3,
					2024-01-10,16,27.000,36.000,28.00,9,
					2024-01-10,17,28.000,45.000,31.00,10,
					2024-01-10,18,28.000,37.000,47.00,11,
					2024-01-10,19,31.000,13.000,44.00,14,
					2024-01-10,20,36.000,10.000,26.00,7,
					2024-01-10,21,29.000,14.000,24.00,6,
					2024-01-10,22,26.000,17.000,18.00,6,
					2024-01-10,23,25.000,16.000,10.00,3,
					2024-01-10,24,,,14.00,8,
					2024-01-11,1,,,17.00,4,
					2024-01-11,2,,,,,
					2024-01-11,3,,,,,
					2024-01-11,4,31.000,2.000,,,
					2024-01-11,5,28.000,3.000,,,
					2024-01-11,6,30.000,2.000,,,
					2024-01-11,7,31.000,2.000,,,
					2024-01-11,8,34.000,2.000,,,
					2024-01-11,9,43.000,2.000,,,
					2024-01-11,10,65.000,3.000,,,
					2024-01-11,11,101.000,5.000,,,
					2024-01-11,12,126.000,12.000,,,
					2024-01-11,13,74.000,32.000,,,
					2024-01-11,14,33.000,48.000,,,
					2024-01-11,15,28.000,46.000,,,
					2024-01-11,16,21.000,51.000,,,
					2024-01-11,17,21.000,52.000,,,
					2024-01-11,18,31.000,38.000,,,
					2024-01-11,19,,,,,
					2024-01-11,20,45.000,20.000,,,
					2024-01-11,21,54.000,10.000,,,
					2024-01-11,22,46.000,11.000,,,
					2024-01-11,23,47.000,7.000,,,
					2024-01-11,24,49.000,4.000,,,
					2024-01-12,1,53.000,2.000,,,
					2024-01-12,2,45.000,2.000,45.00,20,
					2024-01-12,3,42.000,2.000,37.00,17,
					2024-01-12,4,38.000,2.000,32.00,15,
					2024-01-12,5,37.000,2.000,22.00,9,
					2024-01-12,6,41.000,2.000,33.00,16,
					2024-01-12,7,46.000,3.000,57.00,33,
					2024-01-12,8,51.000,2.000,74.00,40,
					2024-01-12,9,50.000,3.000,80.00,35,
					2024-01-12,10,71.000,5.000,63.00,22,
					2024-01-12,11,97.000,8.000,62.00,26,
					2024-01-12,12,115.000,17.000,66.00,35,
					2024-01-12,13,73.000,42.000,79.00,47,
					2024-01-12,14,38.000,53.000,67.00,37,
					2024-01-12,15,43.000,66.000,43.00,21,
					2024-01-12,16,32.000,74.000,42.00,22,
					2024-01-12,17,23.000,51.000,34.00,14,
					2024-01-12,18,28.000,43.000,53.00,10,
					2024-01-12,19,37.000,33.000,65.00,13,
					2024-01-12,20,56.000,12.000,67.00,18,
					2024-01-12,21,65.000,3.000,63.00,25,
					2024-01-12,22,64.000,3.000,64.00,30,
					2024-01-12,23,66.000,3.000,45.00,18,
					2024-01-12,24,61.000,2.000,61.00,29,
					2024-01-13,1,60.000,2.000,60.00,30,
					2024-01-13,2,57.000,3.000,59.00,31,
					2024-01-13,3,54.000,3.000,58.00,22,
					2024-01-13,4,54.000,2.000,77.00,37,
					2024-01-13,5,50.000,3.000,51.00,24,
					2024-01-13,6,51.000,3.000,51.00,26,
					2024-01-13,7,46.000,2.000,56.00,22,
					2024-01-13,8,45.000,2.000,40.00,16,
					2024-01-13,9,68.000,3.000,31.00,7,
					2024-01-13,10,59.000,7.000,69.00,32,
					2024-01-13,11,43.000,17.000,56.00,30,
					2024-01-13,12,28.000,27.000,29.00,14,
					2024-01-13,13,31.000,29.000,26.00,15,
					2024-01-13,14,35.000,27.000,20.00,7,
					2024-01-13,15,28.000,30.000,31.00,19,
					2024-01-13,16,27.000,29.000,21.00,10,
					2024-01-13,17,23.000,28.000,20.00,7,
					2024-01-13,18,21.000,24.000,29.00,9,
					2024-01-13,19,31.000,14.000,29.00,12,
					2024-01-13,20,34.000,4.000,25.00,11,
					2024-01-13,21,57.000,2.000,22.00,7,
					2024-01-13,22,67.000,2.000,42.00,19,
					2024-01-13,23,62.000,2.000,41.00,17,
					2024-01-13,24,64.000,3.000,49.00,22,
					2024-01-14,1,58.000,3.000,58.00,26,
					2024-01-14,2,47.000,2.000,58.00,24,
					2024-01-14,3,42.000,3.000,57.00,33,
					2024-01-14,4,42.000,2.000,43.00,18,
					2024-01-14,5,34.000,1.000,58.00,32,
					2024-01-14,6,31.000,1.000,33.00,18,
					2024-01-14,7,31.000,2.000,20.00,3,
					2024-01-14,8,30.000,2.000,30.00,10,
					2024-01-14,9,33.000,2.000,38.00,21,
					2024-01-14,10,42.000,6.000,47.00,25,
					2024-01-14,11,69.000,12.000,36.00,18,
					2024-01-14,12,59.000,26.000,38.00,20,
					2024-01-14,13,39.000,40.000,42.00,27,
					2024-01-14,14,23.000,42.000,40.00,23,
					2024-01-14,15,18.000,44.000,28.00,13,
					2024-01-14,16,15.000,46.000,19.00,7,
					2024-01-14,17,13.000,55.000,19.00,7,
					2024-01-14,18,24.000,34.000,15.00,3,
					2024-01-14,19,43.000,19.000,32.00,10,
					2024-01-14,20,46.000,20.000,40.00,10,
					2024-01-14,21,56.000,5.000,40.00,14,
					2024-01-14,22,,,,,
					2024-01-14,23,49.000,4.000,36.00,16,
					2024-01-14,24,51.000,3.000,35.00,17,
					2024-01-15,1,50.000,2.000,39.00,20,
					2024-01-15,2,47.000,2.000,36.00,14,
					2024-01-15,3,46.000,2.000,41.00,20,
					2024-01-15,4,46.000,2.000,42.00,23,
					2024-01-15,5,43.000,2.000,32.00,12,
					2024-01-15,6,,,,,
					2024-01-15,7,40.000,2.000,33.00,17,
					2024-01-15,8,40.000,3.000,45.00,18,
					2024-01-15,9,58.000,3.000,53.00,25,
					2024-01-15,10,80.000,6.000,71.00,35,
					2024-01-15,11,97.000,10.000,66.00,37,
					2024-01-15,12,72.000,24.000,73.00,40,
					2024-01-15,13,64.000,44.000,55.00,36,
					2024-01-15,14,42.000,52.000,56.00,34,
					2024-01-15,15,25.000,53.000,23.00,12,
					2024-01-15,16,21.000,68.000,19.00,7,
					2024-01-15,17,22.000,86.000,22.00,10,
					2024-01-15,18,29.000,75.000,30.00,14,
					2024-01-15,19,51.000,34.000,30.00,13,
					2024-01-15,20,55.000,15.000,48.00,19,
					2024-01-15,21,60.000,5.000,53.00,22,
					2024-01-15,22,60.000,2.000,45.00,13,
					2024-01-15,23,59.000,2.000,45.00,19,
					2024-01-15,24,54.000,2.000,52.00,19,
					2024-01-16,1,50.000,2.000,60.00,25,
					2024-01-16,2,49.000,2.000,57.00,28,
					2024-01-16,3,47.000,2.000,49.00,23,
					2024-01-16,4,47.000,2.000,46.00,22,
					2024-01-16,5,43.000,2.000,38.00,17,
					2024-01-16,6,45.000,3.000,55.00,33,
					2024-01-16,7,50.000,3.000,53.00,15,
					2024-01-16,8,58.000,4.000,67.00,19,
					2024-01-16,9,63.000,3.000,82.00,22,
					2024-01-16,10,80.000,4.000,97.00,36,
					2024-01-16,11,80.000,14.000,93.00,41,
					2024-01-16,12,69.000,31.000,74.00,40,
					2024-01-16,13,41.000,46.000,61.00,34,
					2024-01-16,14,29.000,52.000,42.00,25,
					2024-01-16,15,18.000,70.000,33.00,20,
					2024-01-16,16,31.000,82.000,30.00,16,
					2024-01-16,17,22.000,93.000,27.00,13,
					2024-01-16,18,25.000,53.000,41.00,21,
					2024-01-16,19,29.000,49.000,43.00,12,
					2024-01-16,20,44.000,31.000,46.00,15,
					2024-01-16,21,54.000,24.000,45.00,20,
					2024-01-16,22,74.000,3.000,51.00,27,
					2024-01-16,23,71.000,2.000,55.00,32,
					2024-01-16,24,,,51.00,15,
					2024-01-17,1,,,55.00,26,
					2024-01-17,2,,,57.00,27,
					2024-01-17,3,,,,,
					2024-01-17,4,47.000,2.000,35.00,15,
					2024-01-17,5,44.000,2.000,48.00,26,
					2024-01-17,6,41.000,2.000,44.00,21,
					2024-01-17,7,41.000,2.000,40.00,23,
					2024-01-17,8,56.000,3.000,31.00,9,
					2024-01-17,9,50.000,3.000,66.00,30,
					2024-01-17,10,72.000,5.000,69.00,36,
					2024-01-17,11,75.000,11.000,78.00,39,
					2024-01-17,12,66.000,26.000,70.00,41,
					2024-01-17,13,27.000,54.000,61.00,30,
					2024-01-17,14,29.000,66.000,24.00,9,
					2024-01-17,15,29.000,91.000,31.00,16,
					2024-01-17,16,32.000,103.000,37.00,20,
					2024-01-17,17,41.000,112.000,50.00,31,
					2024-01-17,18,45.000,83.000,67.00,44,
					2024-01-17,20,47.000,37.000,73.00,32,
					2024-01-17,21,70.000,13.000,65.00,28,
					2024-01-17,22,78.000,6.000,65.00,31,
					2024-01-17,23,84.000,2.000,55.00,24,
					2024-01-17,24,77.000,3.000,70.00,36,
					2024-01-18,1,57.000,12.000,75.00,43,
					2024-01-18,2,61.000,5.000,61.00,29,
					2024-01-18,3,57.000,4.000,59.00,28,
					2024-01-18,4,58.000,2.000,52.00,24,
					2024-01-18,5,49.000,5.000,52.00,30,
					2024-01-18,6,53.000,2.000,61.00,40,
					2024-01-18,7,50.000,2.000,61.00,34,
					2024-01-18,8,56.000,3.000,49.00,21,
					2024-01-18,9,66.000,3.000,90.00,35,
					2024-01-18,10,92.000,4.000,85.00,34,
					2024-01-18,11,119.000,7.000,105.00,55,
					2024-01-18,12,87.000,23.000,115.00,66,
					2024-01-18,13,45.000,38.000,77.00,43,
					2024-01-18,14,40.000,55.000,40.00,18,
					2024-01-18,15,34.000,80.000,45.00,25,
					2024-01-18,16,26.000,89.000,55.00,34,
					2024-01-18,17,27.000,94.000,50.00,33,
					2024-01-18,18,27.000,93.000,46.00,30,
					2024-01-18,19,79.000,32.000,44.00,26,
					2024-01-18,20,99.000,4.000,55.00,25,
					2024-01-18,21,79.000,3.000,78.00,41,
					2024-01-18,22,58.000,4.000,64.00,26,
					2024-01-18,23,53.000,3.000,69.00,27,
					2024-01-18,24,54.000,3.000,53.00,18,
					2024-01-19,1,47.000,4.000,52.00,12,
					2024-01-19,2,47.000,3.000,35.00,12,
					2024-01-19,3,49.000,2.000,31.00,11,
					2024-01-19,4,47.000,3.000,37.00,17,
					2024-01-19,5,46.000,2.000,37.00,18,
					2024-01-19,6,49.000,3.000,50.00,22,
					2024-01-19,7,54.000,3.000,67.00,23,
					2024-01-19,8,64.000,4.000,71.00,30,
					2024-01-19,9,65.000,4.000,86.00,36,
					2024-01-19,10,86.000,4.000,93.00,37,
					2024-01-19,11,109.000,4.000,98.00,46,
					2024-01-19,12,122.000,7.000,106.00,45,
					2024-01-19,13,83.000,18.000,125.00,60,
					2024-01-19,14,65.000,30.000,79.00,41,
					2024-01-19,15,26.000,39.000,66.00,36,
					2024-01-19,16,23.000,45.000,45.00,24,
					2024-01-19,17,36.000,41.000,43.00,23,
					2024-01-19,18,43.000,23.000,54.00,21,
					2024-01-19,19,47.000,13.000,64.00,19,
					2024-01-19,20,52.000,5.000,57.00,15,
					2024-01-19,21,44.000,6.000,58.00,15,
					2024-01-19,22,40.000,9.000,58.00,11,
					2024-01-19,23,35.000,11.000,50.00,8,
					2024-01-19,24,31.000,12.000,64.00,13,
					2024-01-20,1,34.000,8.000,35.00,4,
					2024-01-20,2,34.000,7.000,34.00,11,
					2024-01-20,3,38.000,4.000,32.00,10,
					2024-01-20,4,40.000,4.000,40.00,18,
					2024-01-20,5,29.000,11.000,41.00,18,
					2024-01-20,6,34.000,6.000,27.00,13,
					2024-01-20,7,41.000,2.000,34.00,20,
					2024-01-20,8,43.000,2.000,40.00,26,
					2024-01-20,9,38.000,4.000,43.00,27,
					2024-01-20,10,34.000,12.000,44.00,27,
					2024-01-20,11,31.000,16.000,41.00,25,
					2024-01-20,12,37.000,14.000,25.00,10,
					2024-01-20,13,37.000,26.000,32.00,13,
					2024-01-20,14,33.000,38.000,43.00,20,
					2024-01-20,15,23.000,46.000,47.00,22,
					2024-01-20,16,39.000,38.000,45.00,22,
					2024-01-20,17,34.000,29.000,50.00,24,
					2024-01-20,18,34.000,23.000,71.00,31,
					2024-01-20,19,27.000,19.000,52.00,19,
					2024-01-20,20,28.000,13.000,37.00,17,
					2024-01-20,21,29.000,14.000,23.00,5,
					2024-01-20,22,34.000,5.000,26.00,14,
					2024-01-20,23,37.000,2.000,32.00,12,
					2024-01-20,24,38.000,1.000,35.00,14,
					2024-01-21,1,38.000,1.000,38.00,17,
					2024-01-21,2,37.000,1.000,41.00,24,
					2024-01-21,3,37.000,1.000,31.00,18,
					2024-01-21,4,33.000,1.000,23.00,6,
					2024-01-21,5,32.000,1.000,19.00,2,
					2024-01-21,6,33.000,2.000,30.00,14,
					2024-01-21,7,35.000,1.000,34.00,20,
					2024-01-21,8,35.000,2.000,42.00,25,
					2024-01-21,9,39.000,3.000,40.00,19,
					2024-01-21,10,46.000,7.000,38.00,12,
					2024-01-21,11,54.000,20.000,47.00,22,
					2024-01-21,12,44.000,39.000,68.00,46,
					2024-01-21,13,35.000,43.000,58.00,37,
					2024-01-21,14,35.000,25.000,46.00,25,
					2024-01-21,15,32.000,33.000,40.00,30,
					2024-01-21,16,28.000,41.000,23.00,14,
					2024-01-21,17,25.000,48.000,26.00,18,
					2024-01-21,18,33.000,47.000,30.00,24,
					2024-01-21,19,53.000,21.000,32.00,22,
					2024-01-21,20,66.000,3.000,44.00,32,
					2024-01-21,21,61.000,3.000,42.00,25,
					2024-01-21,22,53.000,4.000,50.00,33,
					2024-01-21,23,51.000,2.000,36.00,18,
					2024-01-21,24,50.000,1.000,44.00,29,
					2024-01-22,1,42.000,2.000,30.00,8,
					2024-01-22,2,41.000,4.000,27.00,7,
					2024-01-22,3,34.000,7.000,33.00,15,
					2024-01-22,4,39.000,2.000,31.00,19,
					2024-01-22,5,36.000,2.000,37.00,26,
					2024-01-22,6,37.000,2.000,22.00,13,
					2024-01-22,7,37.000,2.000,34.00,23,
					2024-01-22,8,36.000,3.000,39.00,21,
					2024-01-22,9,39.000,4.000,49.00,24,
					2024-01-22,10,68.000,6.000,33.00,16,
					2024-01-22,11,61.000,17.000,55.00,31,
					2024-01-22,12,51.000,30.000,46.00,26,
					2024-01-22,13,41.000,43.000,35.00,22,
					2024-01-22,14,34.000,52.000,33.00,23,
					2024-01-22,15,33.000,62.000,32.00,21,
					2024-01-22,16,30.000,63.000,31.00,19,
					2024-01-22,17,25.000,58.000,32.00,21,
					2024-01-22,18,20.000,41.000,30.00,19,
					2024-01-22,19,31.000,26.000,26.00,10,
					2024-01-22,20,39.000,13.000,32.00,13,
					2024-01-22,21,33.000,14.000,29.00,12,
					2024-01-22,22,48.000,4.000,13.00,0,
					2024-01-22,23,51.000,2.000,34.00,11,
					2024-01-22,24,,,45.00,24,
					2024-01-23,1,,,28.00,14,
					2024-01-23,2,,,44.00,25,
					2024-01-23,3,,,34.00,18,
					2024-01-23,4,35.000,2.000,23.00,8,
					2024-01-23,5,35.000,2.000,15.00,4,
					2024-01-23,6,36.000,2.000,23.00,12,
					2024-01-23,7,39.000,2.000,26.00,11,
					2024-01-23,8,51.000,3.000,45.00,22,
					2024-01-23,9,59.000,3.000,54.00,25,
					2024-01-23,10,67.000,6.000,80.00,42,
					2024-01-23,11,64.000,17.000,72.00,46,
					2024-01-23,12,39.000,39.000,63.00,43,
					2024-01-23,13,20.000,55.000,32.00,17,
					2024-01-23,14,12.000,62.000,29.00,13,
					2024-01-23,15,15.000,54.000,19.00,6,
					2024-01-23,16,17.000,53.000,33.00,7,
					2024-01-23,17,18.000,55.000,25.00,9,
					2024-01-23,18,19.000,46.000,33.00,11,
					2024-01-23,19,22.000,33.000,24.00,2,
					2024-01-23,20,28.000,25.000,28.00,11,
					2024-01-23,21,32.000,20.000,20.00,6,
					2024-01-23,22,48.000,4.000,40.00,24,
					2024-01-23,23,51.000,2.000,45.00,24,
					2024-01-23,24,50.000,2.000,44.00,21,
					2024-01-24,1,48.000,2.000,58.00,35,
					2024-01-24,2,45.000,2.000,44.00,26,
					2024-01-24,3,44.000,2.000,39.00,22,
					2024-01-24,4,42.000,2.000,30.00,12,
					2024-01-24,5,38.000,2.000,36.00,19,
					2024-01-24,6,38.000,2.000,43.00,28,
					2024-01-24,7,40.000,2.000,46.00,28,
					2024-01-24,8,45.000,3.000,55.00,32,
					2024-01-24,9,64.000,3.000,56.00,24,
					2024-01-24,10,87.000,5.000,60.00,27,
					2024-01-24,11,72.000,17.000,67.00,31,
					2024-01-24,12,18.000,37.000,56.00,35,
					2024-01-24,13,11.000,43.000,29.00,8,
					2024-01-24,14,10.000,41.000,30.00,10,
					2024-01-24,15,12.000,44.000,36.00,7,
					2024-01-24,16,13.000,51.000,41.00,6,
					2024-01-24,17,10.000,48.000,31.00,4,
					2024-01-24,18,14.000,40.000,21.00,3,
					2024-01-24,19,21.000,31.000,16.00,3,
					2024-01-24,20,24.000,28.000,27.00,12,
					2024-01-24,21,33.000,18.000,20.00,8,
					2024-01-24,22,40.000,10.000,25.00,11,
					2024-01-24,23,43.000,5.000,30.00,7,
					2024-01-24,24,45.000,3.000,36.00,20,
					2024-01-25,1,42.000,2.000,26.00,10,
					2024-01-25,2,39.000,2.000,26.00,13,
					2024-01-25,3,43.000,2.000,36.00,21,
					2024-01-25,4,40.000,2.000,39.00,14,
					2024-01-25,5,37.000,2.000,47.00,26,
					2024-01-25,6,32.000,2.000,48.00,23,
					2024-01-25,7,29.000,1.000,44.00,22,
					2024-01-25,8,35.000,2.000,36.00,23,
					2024-01-25,9,42.000,3.000,40.00,12,
					2024-01-25,10,58.000,6.000,66.00,36,
					2024-01-25,11,68.000,14.000,58.00,32,
					2024-01-25,12,45.000,31.000,59.00,31,
					2024-01-25,13,32.000,50.000,43.00,25,
					2024-01-25,14,28.000,56.000,38.00,21,
					2024-01-25,15,24.000,48.000,28.00,14,
					2024-01-25,16,16.000,37.000,21.00,7,
					2024-01-25,17,18.000,28.000,32.00,9,
					2024-01-25,18,19.000,21.000,24.00,2,
					2024-01-25,19,22.000,15.000,22.00,5,
					2024-01-25,20,27.000,7.000,17.00,6,
					2024-01-25,21,35.000,3.000,13.00,6,
					2024-01-25,22,36.000,2.000,19.00,8,
					2024-01-25,23,34.000,2.000,22.00,3,
					2024-01-25,24,32.000,2.000,30.00,19,
					2024-01-26,1,32.000,2.000,36.00,16,
					2024-01-26,2,30.000,1.000,32.00,10,
					2024-01-26,3,29.000,1.000,30.00,16,
					2024-01-26,4,28.000,2.000,25.00,9,
					2024-01-26,5,29.000,2.000,23.00,8,
					2024-01-26,6,28.000,2.000,38.00,19,
					2024-01-26,7,32.000,3.000,23.00,6,
					2024-01-26,8,38.000,3.000,36.00,6,
					2024-01-26,9,44.000,3.000,53.00,22,
					2024-01-26,10,81.000,4.000,59.00,26,
					2024-01-26,11,57.000,14.000,85.00,42,
					2024-01-26,12,22.000,29.000,37.00,18,
					2024-01-26,13,19.000,37.000,21.00,11,
					2024-01-26,14,16.000,44.000,11.00,1,
					2024-01-26,15,16.000,33.000,14.00,5,
					2024-01-26,16,15.000,32.000,8.00,,
					2024-01-26,17,19.000,29.000,25.00,7,
					2024-01-26,18,22.000,22.000,25.00,5,
					2024-01-26,19,26.000,13.000,21.00,3,
					2024-01-26,20,29.000,8.000,22.00,8,
					2024-01-26,21,29.000,7.000,10.00,0,
					2024-01-26,22,33.000,4.000,23.00,12,
					2024-01-26,23,25.000,9.000,27.00,16,
					2024-01-26,24,34.000,2.000,22.00,16,
					2024-01-27,1,33.000,2.000,16.00,4,
					2024-01-27,2,33.000,2.000,21.00,13,
					2024-01-27,3,32.000,1.000,17.00,5,
					2024-01-27,4,30.000,1.000,23.00,11,
					2024-01-27,5,31.000,1.000,20.00,9,
					2024-01-27,6,29.000,1.000,13.00,1,
					2024-01-27,7,28.000,2.000,33.00,21,
					2024-01-27,8,32.000,2.000,29.00,15,
					2024-01-27,9,54.000,3.000,44.00,24,
					2024-01-27,10,73.000,4.000,79.00,39,
					2024-01-27,11,71.000,11.000,78.00,40,
					2024-01-27,12,39.000,29.000,60.00,35,
					2024-01-27,13,27.000,43.000,39.00,25,
					2024-01-27,14,31.000,52.000,26.00,16,
					2024-01-27,15,16.000,66.000,36.00,21,
					2024-01-27,16,26.000,71.000,27.00,19,
					2024-01-27,17,19.000,79.000,28.00,14,
					2024-01-27,18,19.000,80.000,28.00,16,
					2024-01-27,19,23.000,45.000,38.00,22,
					2024-01-27,20,24.000,25.000,46.00,16,
					2024-01-27,21,31.000,16.000,58.00,16,
					2024-01-27,22,34.000,11.000,47.00,15,
					2024-01-27,23,38.000,6.000,38.00,8,
					2024-01-27,24,36.000,6.000,42.00,17,
					2024-01-28,1,28.000,8.000,49.00,30,
					2024-01-28,2,30.000,5.000,42.00,24,
					2024-01-28,3,31.000,3.000,40.00,25,
					2024-01-28,4,30.000,2.000,52.00,37,
					2024-01-28,5,29.000,2.000,43.00,38,
					2024-01-28,6,28.000,2.000,42.00,36,
					2024-01-28,7,29.000,2.000,45.00,34,
					2024-01-28,8,26.000,2.000,52.00,37,
					2024-01-28,9,30.000,2.000,44.00,28,
					2024-01-28,10,25.000,4.000,54.00,39,
					2024-01-28,11,28.000,7.000,44.00,28,
					2024-01-28,12,31.000,16.000,57.00,35,
					2024-01-28,13,36.000,27.000,77.00,56,
					2024-01-28,14,35.000,47.000,94.00,69,
					2024-01-28,15,29.000,67.000,86.00,65,
					2024-01-28,16,21.000,73.000,74.00,48,
					2024-01-28,17,29.000,70.000,43.00,21,
					2024-01-28,18,26.000,63.000,70.00,43,
					2024-01-28,19,36.000,43.000,47.00,27,
					2024-01-28,20,30.000,30.000,59.00,28,
					2024-01-28,21,32.000,20.000,43.00,18,
					2024-01-28,22,42.000,7.000,34.00,15,
					2024-01-28,23,37.000,10.000,31.00,8,
					2024-01-28,24,,,34.00,16,
					2024-01-29,1,,,38.00,22,
					2024-01-29,2,,,34.00,18,
					2024-01-29,3,,,38.00,21,
					2024-01-29,4,28.000,3.000,36.00,25,
					2024-01-29,5,29.000,3.000,24.00,12,
					2024-01-29,6,29.000,2.000,43.00,36,
					2024-01-29,7,33.000,2.000,41.00,30,
					2024-01-29,8,35.000,3.000,57.00,47,
					2024-01-29,9,40.000,4.000,60.00,44,
					2024-01-29,10,52.000,9.000,67.00,52,
					2024-01-29,11,77.000,18.000,80.00,59,
					2024-01-29,12,66.000,44.000,93.00,68,
					2024-01-29,13,36.000,63.000,77.00,54,
					2024-01-29,14,40.000,80.000,51.00,35,
					2024-01-29,15,51.000,63.000,60.00,44,
					2024-01-29,16,41.000,43.000,59.00,37,
					2024-01-29,17,42.000,42.000,40.00,21,
					2024-01-29,18,49.000,27.000,46.00,24,
					2024-01-29,19,47.000,21.000,54.00,23,
					2024-01-29,20,36.000,17.000,49.00,15,
					2024-01-29,21,28.000,19.000,42.00,16,
					2024-01-29,22,33.000,12.000,37.00,15,
					2024-01-29,23,40.000,5.000,28.00,11,
					2024-01-29,24,32.000,11.000,34.00,12,
					2024-01-30,1,36.000,7.000,29.00,14,
					2024-01-30,2,27.000,14.000,26.00,12,
					2024-01-30,3,40.000,3.000,26.00,16,
					2024-01-30,4,39.000,3.000,29.00,11,
					2024-01-30,5,37.000,2.000,37.00,20,
					2024-01-30,6,37.000,2.000,42.00,24,
					2024-01-30,7,37.000,3.000,47.00,32,
					2024-01-30,8,39.000,3.000,44.00,21,
					2024-01-30,9,44.000,3.000,53.00,27,
					2024-01-30,10,52.000,4.000,56.00,27,
					2024-01-30,11,71.000,7.000,76.00,39,
					2024-01-30,12,82.000,13.000,73.00,41,
					2024-01-30,13,77.000,26.000,64.00,35,
					2024-01-30,14,59.000,42.000,64.00,35,
					2024-01-30,15,32.000,29.000,67.00,39,
					2024-01-30,16,42.000,35.000,44.00,27,
					2024-01-30,17,36.000,21.000,45.00,19,
					2024-01-30,18,36.000,15.000,37.00,18,
					2024-01-30,19,37.000,12.000,38.00,14,
					2024-01-30,20,42.000,6.000,35.00,14,
					2024-01-30,21,44.000,4.000,37.00,13,
					2024-01-30,22,44.000,4.000,46.00,14,
					2024-01-30,23,46.000,3.000,31.00,10,
					2024-01-30,24,44.000,2.000,45.00,26,
					2024-01-31,1,45.000,2.000,40.00,19,
					2024-01-31,2,42.000,2.000,53.00,22,
					2024-01-31,3,40.000,3.000,65.00,27,
					2024-01-31,4,40.000,2.000,53.00,13,
					2024-01-31,5,37.000,2.000,60.00,22,
					2024-01-31,6,38.000,2.000,66.00,23,
					2024-01-31,7,42.000,3.000,62.00,19,
					2024-01-31,8,44.000,3.000,73.00,38,
					2024-01-31,9,42.000,4.000,72.00,38,
					2024-01-31,10,48.000,5.000,67.00,29,
					2024-01-31,11,59.000,8.000,72.00,41,
					2024-01-31,12,76.000,12.000,61.00,32,
					2024-01-31,13,59.000,33.000,75.00,42,
					2024-01-31,14,39.000,49.000,63.00,40,
					2024-01-31,15,31.000,59.000,50.00,31,
					2024-01-31,16,34.000,64.000,38.00,21,
					2024-01-31,17,32.000,74.000,38.00,21,
					2024-01-31,18,29.000,62.000,52.00,32,
					2024-01-31,19,33.000,31.000,55.00,25,
					2024-01-31,20,34.000,28.000,30.00,10,
					2024-01-31,21,33.000,15.000,26.00,5,
					2024-01-31,22,31.000,12.000,46.00,10,
					2024-01-31,23,36.000,11.000,44.00,20,
					2024-01-31,24,36.000,12.000,32.00,10,
					Fecha,Hora,pedno2,pedo3,pedpm10,pedpm2,
					2024-01-01,1,26.000,22.000,62.00,51,
					2024-01-01,2,15.000,32.000,73.00,62,
					2024-01-01,3,,,,,
					2024-01-01,4,19.000,23.000,45.00,38,
					2024-01-01,5,,,,,
					2024-01-01,6,23.000,18.000,48.00,42,
					2024-01-01,7,15.000,27.000,50.00,42,
					2024-01-01,8,22.000,16.000,33.00,28,
					2024-01-01,9,24.000,21.000,39.00,33,
					2024-01-01,10,31.000,38.000,65.00,56,
					2024-01-01,11,28.000,64.000,85.00,74,
					2024-01-01,12,9.000,75.000,93.00,81,
					2024-01-01,13,10.000,91.000,40.00,32,
					2024-01-01,14,9.000,102.000,44.00,36,
					2024-01-01,15,8.000,104.000,45.00,36,
					2024-01-01,16,7.000,92.000,38.00,31,
					2024-01-01,17,7.000,93.000,27.00,23,
					2024-01-01,18,10.000,88.000,30.00,24,
					2024-01-01,19,18.000,68.000,31.00,22,
					2024-01-01,20,18.000,68.000,40.00,27,
					2024-01-01,21,27.000,56.000,41.00,30,
					2024-01-01,22,36.000,40.000,39.00,30,
					2024-01-01,23,24.000,44.000,49.00,38,
					2024-01-01,24,22.000,40.000,49.00,38,
					2024-01-02,1,21.000,37.000,46.00,36,
					2024-01-02,2,16.000,41.000,44.00,33,
					2024-01-02,3,12.000,41.000,32.00,25,
					2024-01-02,4,7.000,42.000,28.00,21,
					2024-01-02,5,6.000,40.000,26.00,20,
					2024-01-02,6,8.000,38.000,13.00,9,
					2024-01-02,7,19.000,26.000,14.00,10,
					2024-01-02,8,30.000,15.000,13.00,7,
					2024-01-02,9,40.000,7.000,13.00,5,
					2024-01-02,10,46.000,9.000,32.00,17,
					2024-01-02,11,50.000,19.000,41.00,21,
					2024-01-02,12,34.000,41.000,48.00,27,
					2024-01-02,13,31.000,48.000,38.00,22,
					2024-01-02,14,25.000,59.000,39.00,24,
					2024-01-02,15,19.000,68.000,36.00,21,
					2024-01-02,16,10.000,62.000,30.00,16,
					2024-01-02,17,11.000,60.000,23.00,8,
					2024-01-02,18,12.000,50.000,30.00,13,
					2024-01-02,19,15.000,44.000,31.00,14,
					2024-01-02,20,31.000,30.000,30.00,12,
					2024-01-02,21,39.000,15.000,46.00,15,
					2024-01-02,22,27.000,23.000,40.00,18,
					2024-01-02,23,36.000,13.000,26.00,13,
					2024-01-02,24,42.000,7.000,34.00,16,
					2024-01-03,1,41.000,6.000,39.00,18,
					2024-01-03,2,40.000,5.000,38.00,20,
					2024-01-03,3,40.000,5.000,37.00,21,
					2024-01-03,4,36.000,8.000,29.00,15,
					2024-01-03,5,29.000,12.000,34.00,21,
					2024-01-03,6,30.000,8.000,31.00,19,
					2024-01-03,7,33.000,5.000,32.00,22,
					2024-01-03,8,35.000,5.000,27.00,17,
					2024-01-03,9,37.000,6.000,28.00,14,
					2024-01-03,10,37.000,15.000,35.00,18,
					2024-01-03,11,32.000,26.000,35.00,13,
					2024-01-03,12,,,,,
					2024-01-03,13,,,,,
					2024-01-03,14,,,,,
					2024-01-03,15,,,,,
					2024-01-03,16,,,,,
					2024-01-03,17,10.000,75.000,36.00,11,
					2024-01-03,18,10.000,58.000,46.00,20,
					2024-01-03,19,,,,,
					2024-01-03,20,,,,,
					2024-01-03,21,46.000,6.000,26.00,12,
					2024-01-03,22,47.000,7.000,45.00,21,
					2024-01-03,23,44.000,8.000,32.00,15,
					2024-01-03,24,45.000,5.000,33.00,18,
					2024-01-04,1,26.000,17.000,39.00,20,
					2024-01-04,2,17.000,22.000,31.00,17,
					2024-01-04,3,19.000,17.000,19.00,11,
					2024-01-04,4,10.000,25.000,15.00,9,
					2024-01-04,5,11.000,24.000,10.00,5,
					2024-01-04,6,13.000,24.000,13.00,8,
					2024-01-04,7,29.000,7.000,11.00,6,
					2024-01-04,8,32.000,5.000,14.00,7,
					2024-01-04,9,31.000,11.000,30.00,14,
					2024-01-04,10,39.000,16.000,29.00,15,
					2024-01-04,11,38.000,29.000,31.00,14,
					2024-01-04,12,23.000,43.000,33.00,17,
					2024-01-04,13,14.000,54.000,27.00,11,
					2024-01-04,14,16.000,61.000,25.00,10,
					2024-01-04,15,7.000,52.000,37.00,17,
					2024-01-04,16,6.000,47.000,22.00,6,
					2024-01-04,17,5.000,43.000,19.00,3,
					2024-01-04,18,9.000,39.000,22.00,5,
					2024-01-04,19,10.000,33.000,17.00,6,
					2024-01-04,20,9.000,34.000,22.00,10,
					2024-01-04,21,7.000,36.000,10.00,,
					2024-01-04,22,8.000,33.000,23.00,7,
					2024-01-04,23,11.000,28.000,15.00,7,
					2024-01-04,24,,,15.00,6,
					2024-01-05,1,,,23.00,11,
					2024-01-05,2,,,14.00,4,
					2024-01-05,3,,,9.00,4,
					2024-01-05,4,21.000,9.000,12.00,6,
					2024-01-05,5,16.000,15.000,12.00,6,
					2024-01-05,6,15.000,17.000,8.00,3,
					2024-01-05,7,24.000,10.000,7.00,3,
					2024-01-05,8,,,,,
					2024-01-05,9,29.000,11.000,17.00,7,
					2024-01-05,10,33.000,15.000,16.00,4,
					2024-01-05,11,18.000,28.000,27.00,10,
					2024-01-05,12,14.000,37.000,23.00,8,
					2024-01-05,13,11.000,46.000,,,
					2024-01-05,14,6.000,47.000,16.00,4,
					2024-01-05,15,3.000,41.000,12.00,3,
					2024-01-05,16,3.000,39.000,16.00,1,
					2024-01-05,17,3.000,37.000,17.00,2,
					2024-01-05,18,4.000,37.000,9.00,1,
					2024-01-05,19,9.000,31.000,16.00,3,
					2024-01-05,20,10.000,25.000,25.00,11,
					2024-01-05,21,22.000,13.000,15.00,7,
					2024-01-05,22,24.000,13.000,6.00,1,
					2024-01-05,23,31.000,5.000,15.00,7,
					2024-01-05,24,32.000,5.000,18.00,8,
					2024-01-06,1,28.000,8.000,20.00,12,
					2024-01-06,2,27.000,9.000,16.00,10,
					2024-01-06,3,28.000,6.000,13.00,7,
					2024-01-06,4,28.000,5.000,13.00,6,
					2024-01-06,5,28.000,4.000,17.00,8,
					2024-01-06,6,28.000,4.000,14.00,7,
					2024-01-06,7,27.000,4.000,14.00,7,
					2024-01-06,8,26.000,5.000,13.00,6,
					2024-01-06,9,26.000,10.000,12.00,3,
					2024-01-06,10,20.000,21.000,13.00,4,
					2024-01-06,11,17.000,28.000,16.00,9,
					2024-01-06,12,15.000,36.000,11.00,5,
					2024-01-06,13,11.000,46.000,16.00,7,
					2024-01-06,14,11.000,55.000,10.00,2,
					2024-01-06,15,9.000,66.000,14.00,4,
					2024-01-06,16,6.000,52.000,15.00,5,
					2024-01-06,17,4.000,38.000,19.00,7,
					2024-01-06,18,6.000,33.000,,,
					2024-01-06,19,11.000,29.000,11.00,2,
					2024-01-06,20,10.000,29.000,19.00,7,
					2024-01-06,21,15.000,20.000,8.00,3,
					2024-01-06,22,25.000,9.000,15.00,8,
					2024-01-06,23,28.000,5.000,14.00,7,
					2024-01-06,24,22.000,13.000,20.00,11,
					2024-01-07,1,16.000,21.000,13.00,5,
					2024-01-07,2,10.000,25.000,4.00,,
					2024-01-07,3,21.000,12.000,12.00,8,
					2024-01-07,4,17.000,16.000,7.00,,
					2024-01-07,5,7.000,26.000,9.00,5,
					2024-01-07,6,10.000,19.000,3.00,1,
					2024-01-07,7,16.000,12.000,9.00,7,
					2024-01-07,8,21.000,7.000,8.00,4,
					2024-01-07,9,27.000,7.000,12.00,5,
					2024-01-07,10,31.000,13.000,21.00,7,
					2024-01-07,11,30.000,23.000,30.00,14,
					2024-01-07,12,20.000,41.000,35.00,21,
					2024-01-07,13,21.000,51.000,22.00,13,
					2024-01-07,14,27.000,62.000,26.00,16,
					2024-01-07,15,20.000,72.000,36.00,23,
					2024-01-07,16,19.000,68.000,39.00,25,
					2024-01-07,17,5.000,29.000,36.00,21,
					2024-01-07,18,10.000,25.000,14.00,4,
					2024-01-07,19,11.000,21.000,12.00,6,
					2024-01-07,20,13.000,16.000,11.00,7,
					2024-01-07,21,25.000,9.000,10.00,6,
					2024-01-07,22,32.000,6.000,16.00,8,
					2024-01-07,23,39.000,5.000,23.00,11,
					2024-01-07,24,39.000,5.000,42.00,21,
					2024-01-08,1,33.000,5.000,44.00,25,
					2024-01-08,2,24.000,4.000,28.00,16,
					2024-01-08,3,,,,,
					2024-01-08,4,20.000,7.000,15.00,9,
					2024-01-08,5,,,,,
					2024-01-08,6,20.000,7.000,6.00,2,
					2024-01-08,7,23.000,5.000,9.00,4,
					2024-01-08,8,,,,,
					2024-01-08,9,30.000,6.000,28.00,10,
					2024-01-08,10,28.000,14.000,36.00,15,
					2024-01-08,11,20.000,25.000,21.00,7,
					2024-01-08,12,13.000,31.000,15.00,7,
					2024-01-08,13,6.000,30.000,20.00,8,
					2024-01-08,14,3.000,30.000,4.00,,
					2024-01-08,15,4.000,28.000,,,
					2024-01-08,16,3.000,27.000,5.00,,
					2024-01-08,17,3.000,27.000,15.00,4,
					2024-01-08,18,5.000,24.000,21.00,8,
					2024-01-08,19,7.000,22.000,,,
					2024-01-08,20,,,,,
					2024-01-08,21,22.000,6.000,12.00,5,
					2024-01-08,22,19.000,8.000,13.00,4,
					2024-01-08,23,19.000,8.000,12.00,4,
					2024-01-08,24,16.000,11.000,13.00,5,
					2024-01-09,1,15.000,10.000,9.00,4,
					2024-01-09,2,14.000,15.000,11.00,7,
					2024-01-09,3,14.000,19.000,4.00,3,
					2024-01-09,4,8.000,28.000,9.00,3,
					2024-01-09,5,11.000,21.000,12.00,2,
					2024-01-09,6,12.000,13.000,8.00,1,
					2024-01-09,7,20.000,7.000,8.00,3,
					2024-01-09,8,25.000,5.000,13.00,5,
					2024-01-09,9,33.000,7.000,20.00,5,
					2024-01-09,10,32.000,10.000,33.00,6,
					2024-01-09,11,21.000,23.000,26.00,7,
					2024-01-09,12,17.000,35.000,14.00,3,
					2024-01-09,13,17.000,42.000,13.00,4,
					2024-01-09,14,15.000,51.000,19.00,7,
					2024-01-09,15,13.000,57.000,12.00,2,
					2024-01-09,16,14.000,55.000,9.00,,
					2024-01-09,17,13.000,46.000,17.00,6,
					2024-01-09,18,20.000,45.000,19.00,7,
					2024-01-09,19,38.000,29.000,37.00,17,
					2024-01-09,20,43.000,22.000,45.00,22,
					2024-01-09,21,48.000,12.000,40.00,15,
					2024-01-09,22,43.000,14.000,54.00,20,
					2024-01-09,23,,,,,
					2024-01-09,24,43.000,7.000,25.00,11,
					2024-01-10,1,43.000,5.000,32.00,16,
					2024-01-10,2,40.000,7.000,26.00,10,
					2024-01-10,3,34.000,9.000,26.00,13,
					2024-01-10,4,35.000,7.000,23.00,11,
					2024-01-10,5,34.000,7.000,22.00,11,
					2024-01-10,6,36.000,5.000,26.00,13,
					2024-01-10,7,38.000,5.000,24.00,11,
					2024-01-10,8,40.000,5.000,25.00,9,
					2024-01-10,9,,,,,
					2024-01-10,10,39.000,20.000,31.00,9,
					2024-01-10,11,39.000,29.000,38.00,14,
					2024-01-10,12,19.000,41.000,48.00,15,
					2024-01-10,13,18.000,45.000,31.00,5,
					2024-01-10,14,15.000,49.000,25.00,6,
					2024-01-10,15,12.000,58.000,16.00,3,
					2024-01-10,16,6.000,50.000,,,
					2024-01-10,17,5.000,45.000,33.00,11,
					2024-01-10,18,6.000,43.000,19.00,1,
					2024-01-10,19,10.000,33.000,23.00,6,
					2024-01-10,20,18.000,23.000,24.00,12,
					2024-01-10,21,18.000,26.000,17.00,8,
					2024-01-10,22,20.000,22.000,11.00,3,
					2024-01-10,23,25.000,15.000,11.00,3,
					2024-01-10,24,,,18.00,9,
					2024-01-11,1,,,14.00,5,
					2024-01-11,2,,,13.00,6,
					2024-01-11,3,,,11.00,4,
					2024-01-11,4,16.000,13.000,12.00,6,
					2024-01-11,5,23.000,7.000,12.00,7,
					2024-01-11,6,26.000,5.000,12.00,5,
					2024-01-11,7,29.000,4.000,14.00,5,
					2024-01-11,8,30.000,4.000,27.00,5,
					2024-01-11,9,33.000,5.000,37.00,13,
					2024-01-11,10,36.000,10.000,41.00,12,
					2024-01-11,11,28.000,21.000,46.00,11,
					2024-01-11,12,19.000,35.000,28.00,9,
					2024-01-11,13,16.000,47.000,31.00,11,
					2024-01-11,14,14.000,62.000,22.00,6,
					2024-01-11,15,11.000,79.000,21.00,7,
					2024-01-11,16,11.000,80.000,23.00,4,
					2024-01-11,17,11.000,64.000,38.00,8,
					2024-01-11,18,14.000,55.000,83.00,15,
					2024-01-11,19,31.000,35.000,72.00,6,
					2024-01-11,20,43.000,17.000,85.00,19,
					2024-01-11,21,43.000,17.000,50.00,17,
					2024-01-11,22,41.000,5.000,29.00,10,
					2024-01-11,23,28.000,7.000,29.00,11,
					2024-01-11,24,31.000,5.000,19.00,7,
					2024-01-12,1,30.000,5.000,31.00,9,
					2024-01-12,2,27.000,5.000,19.00,7,
					2024-01-12,3,22.000,8.000,25.00,13,
					2024-01-12,4,18.000,10.000,15.00,9,
					2024-01-12,5,23.000,7.000,14.00,6,
					2024-01-12,6,21.000,9.000,16.00,9,
					2024-01-12,7,26.000,8.000,11.00,5,
					2024-01-12,8,,,,,
					2024-01-12,9,34.000,5.000,26.00,10,
					2024-01-12,10,43.000,10.000,39.00,14,
					2024-01-12,11,43.000,19.000,41.00,15,
					2024-01-12,12,30.000,40.000,41.00,15,
					2024-01-12,13,,,,,
					2024-01-12,14,31.000,81.000,29.00,11,
					2024-01-12,15,40.000,102.000,38.00,19,
					2024-01-12,16,25.000,98.000,52.00,30,
					2024-01-12,17,10.000,70.000,41.00,19,
					2024-01-12,18,16.000,51.000,31.00,8,
					2024-01-12,19,,,,,
					2024-01-12,20,35.000,21.000,32.00,13,
					2024-01-12,21,50.000,8.000,18.00,8,
					2024-01-12,22,54.000,5.000,28.00,11,
					2024-01-12,23,,,,,
					2024-01-12,24,42.000,5.000,54.00,26,
					2024-01-13,1,36.000,5.000,37.00,21,
					2024-01-13,2,35.000,5.000,29.00,14,
					2024-01-13,3,29.000,9.000,18.00,5,
					2024-01-13,4,18.000,18.000,26.00,14,
					2024-01-13,5,25.000,11.000,14.00,5,
					2024-01-13,6,20.000,12.000,17.00,8,
					2024-01-13,7,26.000,8.000,14.00,7,
					2024-01-13,8,26.000,9.000,20.00,11,
					2024-01-13,9,29.000,11.000,20.00,9,
					2024-01-13,10,45.000,12.000,24.00,10,
					2024-01-13,11,27.000,33.000,38.00,15,
					2024-01-13,12,17.000,41.000,30.00,13,
					2024-01-13,13,19.000,42.000,21.00,6,
					2024-01-13,14,21.000,47.000,19.00,7,
					2024-01-13,15,20.000,48.000,24.00,9,
					2024-01-13,16,17.000,52.000,30.00,16,
					2024-01-13,17,11.000,47.000,31.00,15,
					2024-01-13,18,7.000,35.000,28.00,12,
					2024-01-13,19,8.000,26.000,21.00,6,
					2024-01-13,20,22.000,23.000,12.00,4,
					2024-01-13,21,33.000,24.000,25.00,8,
					2024-01-13,22,44.000,9.000,47.00,18,
					2024-01-13,23,25.000,5.000,41.00,17,
					2024-01-13,24,20.000,5.000,23.00,11,
					2024-01-14,1,17.000,10.000,11.00,5,
					2024-01-14,2,13.000,15.000,19.00,8,
					2024-01-14,3,18.000,12.000,9.00,6,
					2024-01-14,4,23.000,9.000,13.00,5,
					2024-01-14,5,12.000,22.000,15.00,7,
					2024-01-14,6,12.000,21.000,9.00,4,
					2024-01-14,7,22.000,9.000,13.00,7,
					2024-01-14,8,26.000,6.000,11.00,6,
					2024-01-14,9,28.000,9.000,16.00,6,
					2024-01-14,10,21.000,20.000,20.00,9,
					2024-01-14,11,29.000,28.000,15.00,6,
					2024-01-14,12,37.000,38.000,31.00,18,
					2024-01-14,13,28.000,53.000,29.00,17,
					2024-01-14,14,21.000,69.000,31.00,20,
					2024-01-14,15,19.000,69.000,29.00,16,
					2024-01-14,16,17.000,74.000,28.00,14,
					2024-01-14,17,16.000,82.000,33.00,19,
					2024-01-14,18,20.000,70.000,35.00,19,
					2024-01-14,19,33.000,29.000,39.00,19,
					2024-01-14,20,37.000,23.000,48.00,17,
					2024-01-14,21,37.000,20.000,42.00,19,
					2024-01-14,22,43.000,12.000,28.00,12,
					2024-01-14,23,41.000,8.000,33.00,15,
					2024-01-14,24,41.000,5.000,22.00,9,
					2024-01-15,1,33.000,9.000,26.00,12,
					2024-01-15,2,32.000,9.000,14.00,5,
					2024-01-15,3,17.000,22.000,27.00,16,
					2024-01-15,4,11.000,26.000,5.00,0,
					2024-01-15,5,11.000,23.000,16.00,11,
					2024-01-15,6,14.000,20.000,9.00,4,
					2024-01-15,7,26.000,11.000,11.00,6,
					2024-01-15,8,32.000,6.000,17.00,6,
					2024-01-15,9,40.000,6.000,31.00,8,
					2024-01-15,10,47.000,11.000,35.00,12,
					2024-01-15,11,,,,,
					2024-01-15,12,48.000,39.000,38.00,16,
					2024-01-15,13,,,,,
					2024-01-15,14,54.000,72.000,44.00,22,
					2024-01-15,15,22.000,74.000,63.00,38,
					2024-01-15,16,21.000,86.000,26.00,13,
					2024-01-15,17,22.000,91.000,27.00,16,
					2024-01-15,18,27.000,90.000,27.00,14,
					2024-01-15,19,43.000,62.000,42.00,17,
					2024-01-15,20,64.000,25.000,46.00,20,
					2024-01-15,21,,,,,
					2024-01-15,22,45.000,18.000,51.00,28,
					2024-01-15,23,39.000,16.000,50.00,27,
					2024-01-15,24,31.000,21.000,50.00,26,
					2024-01-16,1,27.000,23.000,25.00,8,
					2024-01-16,2,18.000,27.000,30.00,12,
					2024-01-16,3,15.000,27.000,30.00,12,
					2024-01-16,4,11.000,31.000,21.00,10,
					2024-01-16,5,13.000,26.000,19.00,8,
					2024-01-16,6,16.000,22.000,14.00,7,
					2024-01-16,7,32.000,9.000,13.00,6,
					2024-01-16,8,37.000,5.000,21.00,9,
					2024-01-16,9,44.000,7.000,38.00,14,
					2024-01-16,10,53.000,13.000,51.00,22,
					2024-01-16,11,44.000,38.000,55.00,23,
					2024-01-16,12,39.000,58.000,59.00,28,
					2024-01-16,13,29.000,71.000,57.00,31,
					2024-01-16,14,28.000,79.000,40.00,24,
					2024-01-16,15,18.000,94.000,46.00,31,
					2024-01-16,16,14.000,94.000,29.00,13,
					2024-01-16,17,12.000,96.000,34.00,16,
					2024-01-16,18,10.000,65.000,38.00,15,
					2024-01-16,19,15.000,54.000,40.00,16,
					2024-01-16,20,19.000,48.000,32.00,12,
					2024-01-16,21,29.000,36.000,30.00,13,
					2024-01-16,22,51.000,10.000,38.00,19,
					2024-01-16,23,53.000,10.000,42.00,22,
					2024-01-16,24,,,34.00,14,
					2024-01-17,1,,,31.00,16,
					2024-01-17,2,,,18.00,7,
					2024-01-17,3,,,13.00,8,
					2024-01-17,4,14.000,30.000,21.00,12,
					2024-01-17,5,31.000,12.000,25.00,14,
					2024-01-17,6,21.000,22.000,24.00,13,
					2024-01-17,7,,,,,
					2024-01-17,8,39.000,5.000,29.00,13,
					2024-01-17,9,38.000,9.000,38.00,16,
					2024-01-17,10,45.000,14.000,42.00,19,
					2024-01-17,11,39.000,34.000,47.00,17,
					2024-01-17,12,31.000,53.000,51.00,24,
					2024-01-17,13,27.000,72.000,41.00,21,
					2024-01-17,14,35.000,92.000,43.00,24,
					2024-01-17,15,30.000,96.000,52.00,30,
					2024-01-17,16,29.000,111.000,55.00,34,
					2024-01-17,17,29.000,117.000,50.00,29,
					2024-01-17,18,27.000,103.000,53.00,35,
					2024-01-17,20,38.000,44.000,68.00,29,
					2024-01-17,21,48.000,15.000,87.00,34,
					2024-01-17,22,57.000,8.000,56.00,28,
					2024-01-17,23,61.000,5.000,45.00,18,
					2024-01-17,24,45.000,8.000,67.00,28,
					2024-01-18,1,34.000,13.000,39.00,21,
					2024-01-18,2,31.000,17.000,37.00,19,
					2024-01-18,3,13.000,35.000,23.00,12,
					2024-01-18,4,23.000,21.000,27.00,15,
					2024-01-18,5,10.000,36.000,26.00,12,
					2024-01-18,6,15.000,31.000,22.00,11,
					2024-01-18,7,30.000,15.000,26.00,13,
					2024-01-18,8,43.000,4.000,29.00,12,
					2024-01-18,9,44.000,8.000,53.00,21,
					2024-01-18,10,58.000,9.000,52.00,19,
					2024-01-18,11,65.000,21.000,60.00,27,
					2024-01-18,12,32.000,48.000,67.00,30,
					2024-01-18,13,30.000,52.000,37.00,17,
					2024-01-18,14,,,,,
					2024-01-18,15,21.000,70.000,32.00,14,
					2024-01-18,16,22.000,80.000,34.00,19,
					2024-01-18,17,21.000,89.000,34.00,19,
					2024-01-18,18,25.000,84.000,36.00,20,
					2024-01-18,19,41.000,57.000,38.00,20,
					2024-01-18,20,42.000,51.000,48.00,21,
					2024-01-18,21,50.000,39.000,53.00,30,
					2024-01-18,22,48.000,23.000,56.00,32,
					2024-01-18,23,38.000,19.000,49.00,27,
					2024-01-18,24,29.000,23.000,43.00,18,
					2024-01-19,1,18.000,29.000,27.00,9,
					2024-01-19,2,11.000,36.000,21.00,8,
					2024-01-19,3,8.000,39.000,23.00,11,
					2024-01-19,4,7.000,37.000,17.00,7,
					2024-01-19,5,,,,,
					2024-01-19,6,14.000,29.000,20.00,10,
					2024-01-19,7,,,,,
					2024-01-19,8,39.000,5.000,29.00,14,
					2024-01-19,9,38.000,10.000,40.00,15,
					2024-01-19,10,,,,,
					2024-01-19,11,66.000,8.000,46.00,14,
					2024-01-19,12,69.000,20.000,65.00,24,
					2024-01-19,13,62.000,28.000,65.00,30,
					2024-01-19,14,46.000,40.000,52.00,22,
					2024-01-19,15,36.000,50.000,44.00,17,
					2024-01-19,16,43.000,50.000,40.00,18,
					2024-01-19,17,32.000,59.000,56.00,26,
					2024-01-19,18,34.000,43.000,51.00,22,
					2024-01-19,19,46.000,20.000,62.00,24,
					2024-01-19,20,35.000,28.000,64.00,17,
					2024-01-19,21,31.000,26.000,54.00,11,
					2024-01-19,22,30.000,22.000,38.00,7,
					2024-01-19,23,21.000,27.000,49.00,18,
					2024-01-19,24,14.000,32.000,46.00,12,
					2024-01-20,1,17.000,28.000,24.00,3,
					2024-01-20,2,18.000,26.000,28.00,9,
					2024-01-20,3,20.000,24.000,27.00,9,
					2024-01-20,4,19.000,22.000,23.00,8,
					2024-01-20,5,18.000,24.000,27.00,11,
					2024-01-20,6,13.000,30.000,23.00,10,
					2024-01-20,7,18.000,24.000,23.00,12,
					2024-01-20,8,23.000,22.000,17.00,6,
					2024-01-20,9,25.000,20.000,21.00,10,
					2024-01-20,10,24.000,24.000,25.00,11,
					2024-01-20,11,18.000,32.000,24.00,8,
					2024-01-20,12,16.000,31.000,26.00,10,
					2024-01-20,13,19.000,37.000,22.00,6,
					2024-01-20,14,22.000,48.000,24.00,10,
					2024-01-20,15,25.000,54.000,32.00,15,
					2024-01-20,16,29.000,56.000,31.00,13,
					2024-01-20,17,25.000,51.000,44.00,23,
					2024-01-20,18,25.000,38.000,59.00,23,
					2024-01-20,19,27.000,30.000,51.00,17,
					2024-01-20,20,23.000,22.000,58.00,21,
					2024-01-20,21,23.000,19.000,43.00,15,
					2024-01-20,22,26.000,15.000,27.00,8,
					2024-01-20,23,31.000,11.000,26.00,9,
					2024-01-20,24,35.000,6.000,31.00,14,
					2024-01-21,1,35.000,4.000,35.00,16,
					2024-01-21,2,34.000,5.000,40.00,19,
					2024-01-21,3,33.000,4.000,39.00,21,
					2024-01-21,4,,,,,
					2024-01-21,5,32.000,4.000,33.00,17,
					2024-01-21,6,32.000,4.000,30.00,17,
					2024-01-21,7,32.000,4.000,36.00,20,
					2024-01-21,8,31.000,4.000,34.00,17,
					2024-01-21,9,33.000,7.000,37.00,19,
					2024-01-21,10,37.000,16.000,36.00,17,
					2024-01-21,11,37.000,31.000,47.00,28,
					2024-01-21,12,24.000,49.000,46.00,26,
					2024-01-21,13,26.000,44.000,42.00,23,
					2024-01-21,14,22.000,35.000,48.00,29,
					2024-01-21,15,19.000,44.000,26.00,19,
					2024-01-21,16,17.000,48.000,15.00,11,
					2024-01-21,17,24.000,47.000,24.00,18,
					2024-01-21,18,29.000,38.000,32.00,23,
					2024-01-21,19,27.000,24.000,37.00,28,
					2024-01-21,20,21.000,23.000,34.00,23,
					2024-01-21,21,21.000,19.000,25.00,15,
					2024-01-21,22,,,,,
					2024-01-21,23,25.000,13.000,16.00,10,
					2024-01-21,24,,,,,
					2024-01-22,1,30.000,9.000,22.00,13,
					2024-01-22,2,16.000,16.000,25.00,14,
					2024-01-22,3,13.000,19.000,11.00,7,
					2024-01-22,4,9.000,22.000,12.00,8,
					2024-01-22,5,14.000,15.000,11.00,7,
					2024-01-22,6,15.000,14.000,10.00,7,
					2024-01-22,7,23.000,9.000,11.00,7,
					2024-01-22,8,27.000,4.000,12.00,6,
					2024-01-22,9,33.000,9.000,19.00,7,
					2024-01-22,10,,,,,
					2024-01-22,11,26.000,31.000,39.00,24,
					2024-01-22,12,29.000,46.000,29.00,16,
					2024-01-22,13,24.000,54.000,30.00,18,
					2024-01-22,14,14.000,61.000,27.00,16,
					2024-01-22,15,11.000,67.000,30.00,17,
					2024-01-22,16,10.000,72.000,30.00,18,
					2024-01-22,17,9.000,62.000,32.00,19,
					2024-01-22,18,11.000,48.000,34.00,19,
					2024-01-22,19,15.000,36.000,23.00,11,
					2024-01-22,20,11.000,35.000,12.00,1,
					2024-01-22,21,12.000,31.000,21.00,12,
					2024-01-22,22,37.000,8.000,7.00,2,
					2024-01-22,23,36.000,5.000,21.00,10,
					2024-01-22,24,,,17.00,7,
					2024-01-23,1,,,11.00,5,
					2024-01-23,2,,,13.00,7,
					2024-01-23,3,,,6.00,3,
					2024-01-23,4,8.000,24.000,10.00,6,
					2024-01-23,5,11.000,21.000,14.00,10,
					2024-01-23,6,12.000,19.000,11.00,7,
					2024-01-23,7,24.000,8.000,12.00,7,
					2024-01-23,8,28.000,6.000,15.00,8,
					2024-01-23,9,29.000,9.000,20.00,9,
					2024-01-23,10,40.000,12.000,27.00,11,
					2024-01-23,11,40.000,27.000,34.00,17,
					2024-01-23,12,30.000,54.000,38.00,21,
					2024-01-23,13,21.000,67.000,34.00,19,
					2024-01-23,14,7.000,60.000,39.00,23,
					2024-01-23,15,6.000,58.000,34.00,19,
					2024-01-23,16,7.000,64.000,,,
					2024-01-23,17,7.000,65.000,36.00,19,
					2024-01-23,18,9.000,52.000,18.00,5,
					2024-01-23,19,9.000,43.000,27.00,9,
					2024-01-23,20,11.000,38.000,35.00,18,
					2024-01-23,21,15.000,34.000,30.00,18,
					2024-01-23,22,24.000,21.000,15.00,7,
					2024-01-23,23,32.000,12.000,14.00,6,
					2024-01-23,24,27.000,16.000,28.00,15,
					2024-01-24,1,19.000,22.000,20.00,11,
					2024-01-24,2,13.000,27.000,13.00,3,
					2024-01-24,3,11.000,25.000,19.00,11,
					2024-01-24,4,9.000,29.000,14.00,8,
					2024-01-24,5,,,,,
					2024-01-24,6,19.000,13.000,19.00,13,
					2024-01-24,7,,,,,
					2024-01-24,8,32.000,4.000,17.00,7,
					2024-01-24,9,38.000,6.000,31.00,11,
					2024-01-24,10,48.000,11.000,35.00,14,
					2024-01-24,11,30.000,31.000,41.00,19,
					2024-01-24,12,21.000,41.000,34.00,16,
					2024-01-24,13,4.000,47.000,28.00,13,
					2024-01-24,14,4.000,53.000,18.00,2,
					2024-01-24,15,4.000,59.000,22.00,6,
					2024-01-24,16,4.000,55.000,21.00,5,
					2024-01-24,17,4.000,50.000,8.00,1,
					2024-01-24,18,5.000,45.000,17.00,6,
					2024-01-24,19,8.000,41.000,13.00,6,
					2024-01-24,20,13.000,34.000,19.00,8,
					2024-01-24,21,22.000,25.000,18.00,8,
					2024-01-24,22,36.000,8.000,28.00,15,
					2024-01-24,23,,,,,
					2024-01-24,24,39.000,4.000,21.00,8,
					2024-01-25,1,38.000,3.000,29.00,13,
					2024-01-25,2,22.000,13.000,31.00,15,
					2024-01-25,3,8.000,22.000,12.00,6,
					2024-01-25,4,7.000,23.000,8.00,4,
					2024-01-25,5,8.000,22.000,10.00,6,
					2024-01-25,6,12.000,17.000,5.00,1,
					2024-01-25,7,22.000,8.000,11.00,7,
					2024-01-25,8,26.000,6.000,11.00,5,
					2024-01-25,9,32.000,6.000,19.00,4,
					2024-01-25,10,,,,,
					2024-01-25,11,39.000,23.000,45.00,15,
					2024-01-25,12,33.000,43.000,37.00,17,
					2024-01-25,13,34.000,59.000,44.00,23,
					2024-01-25,14,18.000,59.000,34.00,17,
					2024-01-25,15,5.000,44.000,28.00,15,
					2024-01-25,16,5.000,43.000,19.00,3,
					2024-01-25,17,4.000,40.000,23.00,2,
					2024-01-25,18,5.000,35.000,21.00,4,
					2024-01-25,19,7.000,30.000,16.00,1,
					2024-01-25,20,18.000,17.000,7.00,,
					2024-01-25,21,30.000,5.000,17.00,9,
					2024-01-25,22,25.000,6.000,32.00,15,
					2024-01-25,23,27.000,4.000,28.00,14,
					2024-01-25,24,27.000,4.000,26.00,11,
					2024-01-26,1,25.000,4.000,18.00,7,
					2024-01-26,2,13.000,14.000,20.00,9,
					2024-01-26,3,9.000,16.000,5.00,2,
					2024-01-26,4,8.000,15.000,7.00,4,
					2024-01-26,5,10.000,12.000,6.00,4,
					2024-01-26,6,15.000,6.000,3.00,0,
					2024-01-26,7,20.000,4.000,7.00,3,
					2024-01-26,8,21.000,5.000,12.00,4,
					2024-01-26,9,21.000,9.000,16.00,4,
					2024-01-26,10,27.000,12.000,19.00,5,
					2024-01-26,11,31.000,23.000,28.00,9,
					2024-01-26,12,26.000,37.000,30.00,14,
					2024-01-26,13,5.000,40.000,23.00,8,
					2024-01-26,14,4.000,39.000,13.00,1,
					2024-01-26,15,3.000,40.000,14.00,4,
					2024-01-26,16,5.000,40.000,22.00,6,
					2024-01-26,17,4.000,39.000,23.00,2,
					2024-01-26,18,5.000,36.000,19.00,3,
					2024-01-26,19,8.000,30.000,19.00,4,
					2024-01-26,20,8.000,28.000,12.00,2,
					2024-01-26,21,11.000,24.000,11.00,3,
					2024-01-26,22,22.000,13.000,15.00,6,
					2024-01-26,23,24.000,13.000,4.00,,
					2024-01-26,24,,,,,
					2024-01-27,1,10.000,24.000,17.00,9,
					2024-01-27,2,9.000,24.000,10.00,3,
					2024-01-27,3,7.000,26.000,10.00,6,
					2024-01-27,4,6.000,27.000,13.00,7,
					2024-01-27,5,5.000,27.000,11.00,6,
					2024-01-27,6,6.000,27.000,10.00,6,
					2024-01-27,7,11.000,21.000,9.00,6,
					2024-01-27,8,26.000,7.000,7.00,3,
					2024-01-27,9,27.000,9.000,16.00,6,
					2024-01-27,10,31.000,15.000,22.00,7,
					2024-01-27,11,45.000,26.000,20.00,7,
					2024-01-27,12,67.000,34.000,35.00,18,
					2024-01-27,13,37.000,53.000,54.00,30,
					2024-01-27,14,17.000,66.000,53.00,33,
					2024-01-27,15,13.000,79.000,28.00,18,
					2024-01-27,16,10.000,89.000,32.00,21,
					2024-01-27,17,8.000,91.000,27.00,12,
					2024-01-27,18,9.000,80.000,30.00,16,
					2024-01-27,19,11.000,66.000,32.00,15,
					2024-01-27,20,22.000,36.000,29.00,13,
					2024-01-27,21,21.000,30.000,56.00,11,
					2024-01-27,22,17.000,31.000,53.00,15,
					2024-01-27,23,16.000,30.000,49.00,16,
					2024-01-27,24,16.000,28.000,37.00,12,
					2024-01-28,1,21.000,20.000,49.00,26,
					2024-01-28,2,18.000,20.000,35.00,15,
					2024-01-28,3,14.000,21.000,31.00,16,
					2024-01-28,4,14.000,19.000,38.00,19,
					2024-01-28,5,19.000,13.000,32.00,17,
					2024-01-28,6,28.000,4.000,30.00,18,
					2024-01-28,7,23.000,7.000,39.00,24,
					2024-01-28,8,23.000,7.000,35.00,21,
					2024-01-28,9,20.000,13.000,35.00,21,
					2024-01-28,10,,,,,
					2024-01-28,11,,,,,
					2024-01-28,12,21.000,34.000,59.00,44,
					2024-01-28,13,26.000,46.000,67.00,47,
					2024-01-28,14,24.000,61.000,72.00,51,
					2024-01-28,15,17.000,71.000,74.00,51,
					2024-01-28,16,13.000,75.000,48.00,31,
					2024-01-28,17,16.000,81.000,40.00,24,
					2024-01-28,18,17.000,78.000,58.00,37,
					2024-01-28,19,27.000,61.000,53.00,31,
					2024-01-28,20,29.000,43.000,53.00,29,
					2024-01-28,21,25.000,39.000,54.00,27,
					2024-01-28,22,,,,,
					2024-01-28,23,29.000,22.000,32.00,12,
					2024-01-28,24,,,32.00,15,
					2024-01-29,1,,,23.00,10,
					2024-01-29,2,,,13.00,7,
					2024-01-29,3,,,,,
					2024-01-29,4,30.000,7.000,32.00,15,
					2024-01-29,5,24.000,8.000,39.00,22,
					2024-01-29,6,28.000,4.000,32.00,21,
					2024-01-29,7,27.000,4.000,38.00,27,
					2024-01-29,8,28.000,5.000,44.00,31,
					2024-01-29,9,31.000,8.000,53.00,39,
					2024-01-29,10,40.000,12.000,62.00,44,
					2024-01-29,11,51.000,26.000,70.00,47,
					2024-01-29,12,28.000,53.000,73.00,47,
					2024-01-29,13,20.000,67.000,44.00,26,
					2024-01-29,14,22.000,78.000,37.00,22,
					2024-01-29,15,29.000,77.000,41.00,26,
					2024-01-29,16,31.000,66.000,51.00,35,
					2024-01-29,17,28.000,55.000,45.00,29,
					2024-01-29,18,26.000,64.000,41.00,19,
					2024-01-29,19,22.000,57.000,53.00,24,
					2024-01-29,20,29.000,37.000,43.00,24,
					2024-01-29,21,34.000,17.000,34.00,17,
					2024-01-29,22,34.000,13.000,35.00,8,
					2024-01-29,23,36.000,10.000,30.00,12,
					2024-01-29,24,33.000,11.000,28.00,10,
					2024-01-30,1,21.000,19.000,25.00,11,
					2024-01-30,2,18.000,19.000,23.00,12,
					2024-01-30,3,14.000,22.000,13.00,8,
					2024-01-30,4,8.000,28.000,14.00,7,
					2024-01-30,5,6.000,33.000,9.00,5,
					2024-01-30,6,,,,,
					2024-01-30,7,,,,,
					2024-01-30,8,30.000,7.000,9.00,2,
					2024-01-30,9,38.000,6.000,21.00,5,
					2024-01-30,10,45.000,10.000,42.00,16,
					2024-01-30,11,47.000,17.000,47.00,21,
					2024-01-30,12,66.000,23.000,41.00,18,
					2024-01-30,13,71.000,33.000,62.00,35,
					2024-01-30,14,55.000,44.000,65.00,36,
					2024-01-30,15,25.000,41.000,48.00,22,
					2024-01-30,16,24.000,43.000,31.00,11,
					2024-01-30,17,24.000,32.000,41.00,16,
					2024-01-30,18,29.000,21.000,29.00,10,
					2024-01-30,19,31.000,20.000,35.00,14,
					2024-01-30,20,34.000,14.000,39.00,18,
					2024-01-30,21,38.000,7.000,14.00,,
					2024-01-30,22,35.000,7.000,32.00,15,
					2024-01-30,23,34.000,7.000,21.00,6,
					2024-01-30,24,32.000,8.000,22.00,8,
					2024-01-31,1,31.000,8.000,17.00,8,
					2024-01-31,2,38.000,5.000,25.00,13,
					2024-01-31,3,38.000,5.000,30.00,9,
					2024-01-31,4,35.000,5.000,33.00,13,
					2024-01-31,5,26.000,10.000,26.00,10,
					2024-01-31,6,28.000,7.000,17.00,8,
					2024-01-31,7,33.000,5.000,14.00,4,
					2024-01-31,8,36.000,5.000,46.00,16,
					2024-01-31,9,37.000,5.000,58.00,22,
					2024-01-31,10,48.000,7.000,58.00,19,
					2024-01-31,11,58.000,12.000,62.00,25,
					2024-01-31,12,62.000,24.000,73.00,32,
					2024-01-31,13,54.000,45.000,68.00,33,
					2024-01-31,14,35.000,60.000,72.00,41,
					2024-01-31,15,33.000,78.000,56.00,33,
					2024-01-31,16,28.000,91.000,49.00,29,
					2024-01-31,17,18.000,90.000,57.00,34,
					2024-01-31,18,8.000,63.000,51.00,27,
					2024-01-31,19,12.000,45.000,26.00,6,
					2024-01-31,20,16.000,39.000,23.00,9,
					2024-01-31,21,,,,,
					2024-01-31,22,19.000,30.000,49.00,21,
					2024-01-31,23,22.000,27.000,42.00,17,
					2024-01-31,24,27.000,23.000,23.00,6,
					