DATE,HOUR,STATION,NO2,PM10,O3,PM2.5
2024-01-01,1,CAUSEWAY BAY,50.0,57.0,95.0,39.0
2024-01-01,2,CAUSEWAY BAY,37.0,55.0,104.0,35.0
2024-01-01,3,CAUSEWAY BAY,28.0,55.0,112.0,36.0
2024-01-01,4,CAUSEWAY BAY,28.0,61.0,112.0,40.0
2024-01-01,5,CAUSEWAY BAY,41.38297872340426,60.0,121.0,39.0
2024-01-01,6,CAUSEWAY BAY,23.0,59.0,113.0,37.0
2024-01-01,7,CAUSEWAY BAY,34.0,60.0,102.0,40.0
2024-01-01,8,CAUSEWAY BAY,62.0,61.0,68.0,38.0
2024-01-01,9,CAUSEWAY BAY,93.0,64.0,45.0,40.0
2024-01-01,10,CAUSEWAY BAY,96.0,69.0,36.0,46.0
2024-01-01,11,CAUSEWAY BAY,101.0,75.0,40.0,50.0
2024-01-01,12,CAUSEWAY BAY,91.0,92.0,55.0,62.0
2024-01-01,13,CAUSEWAY BAY,82.0,87.0,78.0,59.0
2024-01-01,14,CAUSEWAY BAY,80.0,77.0,94.0,50.0
2024-01-01,15,CAUSEWAY BAY,100.0,83.0,80.0,52.0
2024-01-01,16,CAUSEWAY BAY,95.0,95.0,81.0,60.0
2024-01-01,17,CAUSEWAY BAY,92.0,92.0,82.0,58.0
2024-01-01,18,CAUSEWAY BAY,94.0,95.0,84.0,62.0
2024-01-01,19,CAUSEWAY BAY,101.0,95.0,77.0,61.0
2024-01-01,20,CAUSEWAY BAY,87.0,99.0,82.0,62.0
2024-01-01,21,CAUSEWAY BAY,75.0,93.0,85.0,59.0
2024-01-01,22,CAUSEWAY BAY,81.0,80.0,71.0,50.0
2024-01-01,23,CAUSEWAY BAY,107.0,76.0,44.0,48.0
2024-01-01,24,CAUSEWAY BAY,55.0,79.0,111.31914893617021,44.0
2024-01-02,1,CAUSEWAY BAY,66.0,75.0,74.0,44.0
2024-01-02,2,CAUSEWAY BAY,40.0,75.0,91.0,44.0
2024-01-02,3,CAUSEWAY BAY,30.0,71.0,98.0,40.0
2024-01-02,4,CAUSEWAY BAY,32.0,69.0,97.0,37.0
2024-01-02,5,CAUSEWAY BAY,24.0,65.0,102.0,36.0
2024-01-02,6,CAUSEWAY BAY,32.0,61.0,90.0,32.0
2024-01-02,7,CAUSEWAY BAY,65.0,60.0,68.0,33.0
2024-01-02,8,CAUSEWAY BAY,71.0,65.0,51.0,38.0
2024-01-02,9,CAUSEWAY BAY,84.0,76.0,41.0,46.0
2024-01-02,10,CAUSEWAY BAY,96.0,75.0,35.0,44.0
2024-01-02,11,CAUSEWAY BAY,106.0,74.0,22.0,43.0
2024-01-02,12,CAUSEWAY BAY,101.0,75.0,34.0,44.0
2024-01-02,13,CAUSEWAY BAY,109.0,78.0,35.0,45.0
2024-01-02,14,CAUSEWAY BAY,104.0,87.0,36.0,54.0
2024-01-02,15,CAUSEWAY BAY,97.0,83.0,51.0,52.0
2024-01-02,16,CAUSEWAY BAY,86.0,74.0,66.0,45.0
2024-01-02,17,CAUSEWAY BAY,84.0,79.0,66.0,49.0
2024-01-02,18,CAUSEWAY BAY,72.0,74.0,72.0,46.0
2024-01-02,19,CAUSEWAY BAY,97.0,71.0,46.0,46.0
2024-01-02,20,CAUSEWAY BAY,110.0,68.0,31.0,48.0
2024-01-02,21,CAUSEWAY BAY,92.0,59.0,41.0,43.0
2024-01-02,22,CAUSEWAY BAY,110.0,60.0,21.0,43.0
2024-01-02,23,CAUSEWAY BAY,79.0,62.0,52.0,44.0
2024-01-02,24,CAUSEWAY BAY,65.0,61.0,65.0,42.0
2024-01-03,1,CAUSEWAY BAY,64.0,54.0,63.0,38.0
2024-01-03,2,CAUSEWAY BAY,72.0,45.0,57.0,32.0
2024-01-03,3,CAUSEWAY BAY,43.0,39.0,90.0,27.0
2024-01-03,4,CAUSEWAY BAY,54.0,36.0,70.0,25.0
2024-01-03,5,CAUSEWAY BAY,45.4468085106383,48.0,46.0,33.0
2024-01-03,6,CAUSEWAY BAY,51.0,70.0,58.0,49.0
2024-01-03,7,CAUSEWAY BAY,55.0,91.0,41.0,64.0
2024-01-03,8,CAUSEWAY BAY,78.0,109.0,15.0,76.0
2024-01-03,9,CAUSEWAY BAY,74.0,104.0,11.0,75.0
2024-01-03,10,CAUSEWAY BAY,69.0,80.0,14.0,57.0
2024-01-03,11,CAUSEWAY BAY,78.0,53.0,16.0,31.0
2024-01-03,12,CAUSEWAY BAY,99.0,49.0,13.0,29.0
2024-01-03,13,CAUSEWAY BAY,102.0,62.0,16.0,38.0
2024-01-03,14,CAUSEWAY BAY,124.0,56.0,20.0,35.0
2024-01-03,15,CAUSEWAY BAY,117.0,58.0,28.0,34.0
2024-01-03,16,CAUSEWAY BAY,124.0,61.0,29.0,35.0
2024-01-03,17,CAUSEWAY BAY,117.0,63.0,34.0,36.0
2024-01-03,18,CAUSEWAY BAY,101.0,56.0,28.0,31.0
2024-01-03,19,CAUSEWAY BAY,80.0,46.0,32.0,28.0
2024-01-03,20,CAUSEWAY BAY,82.0,43.0,26.0,27.0
2024-01-03,21,CAUSEWAY BAY,58.0,44.0,35.0,29.0
2024-01-03,22,CAUSEWAY BAY,61.0,39.0,29.0,27.0
2024-01-03,23,CAUSEWAY BAY,68.0,37.0,33.0,25.0
2024-01-03,24,CAUSEWAY BAY,72.0,35.0,30.0,23.0
2024-01-04,1,CAUSEWAY BAY,42.0,29.0,47.0,19.0
2024-01-04,2,CAUSEWAY BAY,27.0,22.0,64.0,14.0
2024-01-04,3,CAUSEWAY BAY,24.0,19.0,71.0,12.0
2024-01-04,4,CAUSEWAY BAY,27.0,26.0,66.0,16.0
2024-01-04,5,CAUSEWAY BAY,32.0,26.0,63.0,17.0
2024-01-04,6,CAUSEWAY BAY,36.0,24.0,57.0,15.0
2024-01-04,7,CAUSEWAY BAY,64.0,31.0,31.0,18.0
2024-01-04,8,CAUSEWAY BAY,74.0,33.0,26.0,19.0
2024-01-04,9,CAUSEWAY BAY,74.0,36.0,24.0,21.0
2024-01-04,10,CAUSEWAY BAY,84.0,42.0,23.0,25.0
2024-01-04,11,CAUSEWAY BAY,79.0,48.0,37.0,28.0
2024-01-04,12,CAUSEWAY BAY,93.0,52.0,39.0,31.0
2024-01-04,13,CAUSEWAY BAY,99.0,53.0,33.0,32.0
2024-01-04,14,CAUSEWAY BAY,95.0,50.0,52.0,30.0
2024-01-04,15,CAUSEWAY BAY,83.0,55.0,64.0,32.0
2024-01-04,16,CAUSEWAY BAY,102.0,46.0,51.0,27.0
2024-01-04,17,CAUSEWAY BAY,68.0,49.0,77.0,29.0
2024-01-04,18,CAUSEWAY BAY,66.0,51.0,73.0,30.0
2024-01-04,19,CAUSEWAY BAY,89.0,43.0,63.0,26.0
2024-01-04,20,CAUSEWAY BAY,106.0,53.0,42.0,34.0
2024-01-04,21,CAUSEWAY BAY,98.0,60.0,51.0,39.0
2024-01-04,22,CAUSEWAY BAY,99.0,56.0,52.0,37.0
2024-01-04,23,CAUSEWAY BAY,45.0,45.0,94.0,27.0
2024-01-04,24,CAUSEWAY BAY,39.0,40.0,96.0,25.0
2024-01-05,1,CAUSEWAY BAY,38.0,44.0,97.0,28.0
2024-01-05,2,CAUSEWAY BAY,36.0,36.0,98.0,21.0
2024-01-05,3,CAUSEWAY BAY,22.0,37.0,108.0,22.0
2024-01-05,4,CAUSEWAY BAY,34.0,38.0,97.0,21.0
2024-01-05,5,CAUSEWAY BAY,52.680851063829785,39.0,105.0,18.0
2024-01-05,6,CAUSEWAY BAY,22.0,46.0,100.0,22.0
2024-01-05,7,CAUSEWAY BAY,55.0,49.0,67.0,24.0
2024-01-05,8,CAUSEWAY BAY,86.0,50.0,42.0,26.0
2024-01-05,9,CAUSEWAY BAY,118.0,55.0,24.0,31.0
2024-01-05,10,CAUSEWAY BAY,97.0,69.0,36.0,41.0
2024-01-05,11,CAUSEWAY BAY,103.0,64.0,45.0,37.0
2024-01-05,12,CAUSEWAY BAY,115.0,61.0,48.0,34.0
2024-01-05,13,CAUSEWAY BAY,136.0,59.0,23.0,34.0
2024-01-05,14,CAUSEWAY BAY,148.0,67.0,18.0,44.0
2024-01-05,15,CAUSEWAY BAY,146.0,71.0,18.0,45.0
2024-01-05,16,CAUSEWAY BAY,146.0,63.0,15.0,39.0
2024-01-05,17,CAUSEWAY BAY,143.0,64.0,16.0,41.0
2024-01-05,18,CAUSEWAY BAY,111.0,63.0,32.0,41.0
2024-01-05,19,CAUSEWAY BAY,113.0,55.0,52.0,36.0
2024-01-05,20,CAUSEWAY BAY,129.0,59.0,82.2127659574468,38.0
2024-01-05,21,CAUSEWAY BAY,115.0,56.0,17.0,38.0
2024-01-05,22,CAUSEWAY BAY,118.0,57.0,13.0,38.0
2024-01-05,23,CAUSEWAY BAY,111.0,53.0,11.0,38.0
2024-01-05,24,CAUSEWAY BAY,102.0,56.0,11.0,39.0
2024-01-06,1,CAUSEWAY BAY,92.0,41.0,12.0,29.0
2024-01-06,2,CAUSEWAY BAY,78.0,39.0,13.0,27.0
2024-01-06,3,CAUSEWAY BAY,70.0,46.0,18.0,32.0
2024-01-06,4,CAUSEWAY BAY,57.0,47.0,28.0,33.0
2024-01-06,5,CAUSEWAY BAY,61.0,44.0,27.0,30.0
2024-01-06,6,CAUSEWAY BAY,62.0,42.0,20.0,29.0
2024-01-06,7,CAUSEWAY BAY,75.0,49.0,9.0,34.0
2024-01-06,8,CAUSEWAY BAY,85.0,61.0,8.0,41.0
2024-01-06,9,CAUSEWAY BAY,108.0,64.0,9.0,42.0
2024-01-06,10,CAUSEWAY BAY,137.0,76.0,10.0,48.0
2024-01-06,11,CAUSEWAY BAY,137.0,75.0,11.0,46.0
2024-01-06,12,CAUSEWAY BAY,152.0,82.0,13.0,50.0
2024-01-06,13,CAUSEWAY BAY,184.0,87.0,12.0,53.0
2024-01-06,14,CAUSEWAY BAY,123.0,81.0,53.0,51.0
2024-01-06,15,CAUSEWAY BAY,144.0,74.0,34.0,48.0
2024-01-06,16,CAUSEWAY BAY,176.0,81.0,15.0,55.0
2024-01-06,17,CAUSEWAY BAY,208.0,79.0,11.0,53.0
2024-01-06,18,CAUSEWAY BAY,213.0,80.0,10.0,48.0
2024-01-06,19,CAUSEWAY BAY,197.0,94.0,15.0,65.0
2024-01-06,20,CAUSEWAY BAY,165.0,93.0,20.0,66.0
2024-01-06,21,CAUSEWAY BAY,139.0,78.0,25.0,55.0
2024-01-06,22,CAUSEWAY BAY,139.0,71.0,27.0,52.0
2024-01-06,23,CAUSEWAY BAY,96.0,67.0,71.0,49.0
2024-01-06,24,CAUSEWAY BAY,80.0,68.0,96.0,52.0
2024-01-07,1,CAUSEWAY BAY,100.0,79.0,72.0,58.0
2024-01-07,2,CAUSEWAY BAY,45.0,65.0,125.0,49.0
2024-01-07,3,CAUSEWAY BAY,45.0,65.0,116.0,47.0
2024-01-07,4,CAUSEWAY BAY,34.0,61.0,120.0,44.0
2024-01-07,5,CAUSEWAY BAY,44.51063829787234,59.0,114.0,43.0
2024-01-07,6,CAUSEWAY BAY,59.0,63.0,88.0,43.0
2024-01-07,7,CAUSEWAY BAY,77.0,53.0,66.0,36.0
2024-01-07,8,CAUSEWAY BAY,86.0,58.0,62.0,39.0
2024-01-07,9,CAUSEWAY BAY,108.0,60.0,31.0,40.0
2024-01-07,10,CAUSEWAY BAY,89.0,51.0,48.0,34.0
2024-01-07,11,CAUSEWAY BAY,94.0,61.0,56.0,40.0
2024-01-07,12,CAUSEWAY BAY,72.0,64.0,76.0,43.0
2024-01-07,13,CAUSEWAY BAY,73.0,58.0,72.0,38.0
2024-01-07,14,CAUSEWAY BAY,81.0,62.0,84.0,41.0
2024-01-07,15,CAUSEWAY BAY,93.0,66.0,86.0,42.0
2024-01-07,16,CAUSEWAY BAY,97.0,66.0,81.0,42.0
2024-01-07,17,CAUSEWAY BAY,103.0,64.0,74.0,41.0
2024-01-07,18,CAUSEWAY BAY,78.0,65.0,94.0,41.0
2024-01-07,19,CAUSEWAY BAY,79.0,60.0,87.0,37.0
2024-01-07,20,CAUSEWAY BAY,101.0,66.0,58.0,41.0
2024-01-07,21,CAUSEWAY BAY,78.0,71.0,73.0,48.0
2024-01-07,22,CAUSEWAY BAY,86.0,65.0,67.0,41.0
2024-01-07,23,CAUSEWAY BAY,84.0,71.0,64.0,45.0
2024-01-07,24,CAUSEWAY BAY,89.0,68.0,60.0,42.0
2024-01-08,1,CAUSEWAY BAY,50.0,71.0,86.0,44.0
2024-01-08,2,CAUSEWAY BAY,36.0,57.0,99.0,33.0
2024-01-08,3,CAUSEWAY BAY,28.0,68.0,112.0,40.0
2024-01-08,4,CAUSEWAY BAY,19.0,88.0,128.0,53.0
2024-01-08,5,CAUSEWAY BAY,14.0,87.0,133.0,53.0
2024-01-08,6,CAUSEWAY BAY,31.0,82.0,111.0,50.0
2024-01-08,7,CAUSEWAY BAY,68.0,84.0,77.0,53.0
2024-01-08,8,CAUSEWAY BAY,74.0,85.0,66.0,55.0
2024-01-08,9,CAUSEWAY BAY,105.0,87.0,45.0,57.0
2024-01-08,10,CAUSEWAY BAY,112.0,88.0,37.0,57.0
2024-01-08,11,CAUSEWAY BAY,105.0,86.0,47.0,57.0
2024-01-08,12,CAUSEWAY BAY,121.0,82.0,39.0,54.0
2024-01-08,13,CAUSEWAY BAY,94.0,82.0,69.0,56.0
2024-01-08,14,CAUSEWAY BAY,106.0,69.0,62.0,45.0
2024-01-08,15,CAUSEWAY BAY,112.0,73.0,55.0,48.0
2024-01-08,16,CAUSEWAY BAY,132.0,79.0,41.0,52.0
2024-01-08,17,CAUSEWAY BAY,146.0,72.0,35.0,45.0
2024-01-08,18,CAUSEWAY BAY,121.0,75.0,55.0,47.0
2024-01-08,19,CAUSEWAY BAY,101.0,58.0,69.0,33.0
2024-01-08,20,CAUSEWAY BAY,80.0,65.0,84.0,40.0
2024-01-08,21,CAUSEWAY BAY,58.0,71.0,96.0,45.0
2024-01-08,22,CAUSEWAY BAY,87.0,63.0,67.0,40.0
2024-01-08,23,CAUSEWAY BAY,77.0,63.0,70.0,39.0
2024-01-08,24,CAUSEWAY BAY,80.0,61.0,106.34782608695652,38.0
2024-01-09,1,CAUSEWAY BAY,45.0,58.0,89.0,35.0
2024-01-09,2,CAUSEWAY BAY,63.869565217391305,46.0,76.0,26.0
2024-01-09,3,CAUSEWAY BAY,42.0,54.0,84.0,32.0
2024-01-09,4,CAUSEWAY BAY,33.0,55.0,90.0,32.0
2024-01-09,5,CAUSEWAY BAY,63.869565217391305,42.0,88.0,23.0
2024-01-09,6,CAUSEWAY BAY,44.0,50.0,79.0,29.0
2024-01-09,7,CAUSEWAY BAY,60.0,70.0,61.0,42.0
2024-01-09,8,CAUSEWAY BAY,97.0,80.0,33.0,48.0
2024-01-09,9,CAUSEWAY BAY,94.0,76.0,35.0,45.0
2024-01-09,10,CAUSEWAY BAY,133.0,72.0,11.0,45.0
2024-01-09,11,CAUSEWAY BAY,107.0,77.0,31.0,46.0
2024-01-09,12,CAUSEWAY BAY,113.0,65.0,29.0,39.0
2024-01-09,13,CAUSEWAY BAY,137.0,70.0,19.0,45.0
2024-01-09,14,CAUSEWAY BAY,144.0,80.0,20.0,53.0
2024-01-09,15,CAUSEWAY BAY,160.0,78.0,18.0,49.0
2024-01-09,16,CAUSEWAY BAY,166.0,92.0,15.0,60.0
2024-01-09,17,CAUSEWAY BAY,171.0,88.0,20.0,56.0
2024-01-09,18,CAUSEWAY BAY,166.0,85.0,26.0,55.0
2024-01-09,19,CAUSEWAY BAY,173.0,83.0,12.0,54.0
2024-01-09,20,CAUSEWAY BAY,162.0,89.0,14.0,59.0
2024-01-09,21,CAUSEWAY BAY,145.0,101.0,12.0,68.0
2024-01-09,22,CAUSEWAY BAY,139.0,90.0,9.0,59.0
2024-01-09,23,CAUSEWAY BAY,129.0,103.0,8.0,72.0
2024-01-09,24,CAUSEWAY BAY,151.0,101.0,7.0,66.0
2024-01-10,1,CAUSEWAY BAY,72.0,86.0,62.0,56.0
2024-01-10,2,CAUSEWAY BAY,43.0,74.0,79.0,48.0
2024-01-10,3,CAUSEWAY BAY,31.0,54.0,79.0,33.0
2024-01-10,4,CAUSEWAY BAY,25.0,55.0,70.0,36.0
2024-01-10,5,CAUSEWAY BAY,24.0,54.0,61.0,37.0
2024-01-10,6,CAUSEWAY BAY,31.0,18.0,56.0,13.0
2024-01-10,7,CAUSEWAY BAY,51.0,16.0,38.0,10.0
2024-01-10,8,CAUSEWAY BAY,70.0,33.0,25.0,22.0
2024-01-10,9,CAUSEWAY BAY,90.0,29.0,13.0,19.0
2024-01-10,10,CAUSEWAY BAY,84.0,22.0,13.0,13.0
2024-01-10,11,CAUSEWAY BAY,86.0,33.0,14.0,19.0
2024-01-10,12,CAUSEWAY BAY,100.0,35.0,13.0,19.0
2024-01-10,13,CAUSEWAY BAY,110.0,38.0,17.0,22.0
2024-01-10,14,CAUSEWAY BAY,114.0,42.0,21.0,26.0
2024-01-10,15,CAUSEWAY BAY,125.0,47.0,15.0,28.0
2024-01-10,16,CAUSEWAY BAY,106.0,48.0,25.0,29.0
2024-01-10,17,CAUSEWAY BAY,102.0,52.0,26.0,31.0
2024-01-10,18,CAUSEWAY BAY,103.0,46.0,23.0,29.0
2024-01-10,19,CAUSEWAY BAY,80.0,54.0,48.0,33.0
2024-01-10,20,CAUSEWAY BAY,86.0,56.0,27.0,35.0
2024-01-10,21,CAUSEWAY BAY,74.0,49.0,31.0,30.0
2024-01-10,22,CAUSEWAY BAY,66.0,48.0,30.0,30.0
2024-01-10,23,CAUSEWAY BAY,70.0,39.0,23.0,26.0
2024-01-10,24,CAUSEWAY BAY,69.0,41.0,24.0,27.0
2024-01-11,1,CAUSEWAY BAY,39.0,36.0,46.0,23.0
2024-01-11,2,CAUSEWAY BAY,48.0,29.0,47.0,18.0
2024-01-11,3,CAUSEWAY BAY,35.0,33.0,52.0,21.0
2024-01-11,4,CAUSEWAY BAY,22.0,33.0,59.0,22.0
2024-01-11,5,CAUSEWAY BAY,40.170212765957444,28.0,56.0,20.0
2024-01-11,6,CAUSEWAY BAY,28.0,27.0,54.0,19.0
2024-01-11,7,CAUSEWAY BAY,53.0,27.0,35.0,18.0
2024-01-11,8,CAUSEWAY BAY,74.0,34.0,21.0,23.0
2024-01-11,9,CAUSEWAY BAY,84.0,41.0,16.0,27.0
2024-01-11,10,CAUSEWAY BAY,79.0,48.0,22.0,32.0
2024-01-11,11,CAUSEWAY BAY,88.0,48.0,28.0,31.0
2024-01-11,12,CAUSEWAY BAY,79.0,52.0,48.0,32.0
2024-01-11,13,CAUSEWAY BAY,86.0,54.0,57.0,33.0
2024-01-11,14,CAUSEWAY BAY,70.0,59.0,73.0,39.0
2024-01-11,15,CAUSEWAY BAY,84.0,59.0,80.0,38.0
2024-01-11,16,CAUSEWAY BAY,100.0,72.0,68.0,47.0
2024-01-11,17,CAUSEWAY BAY,70.0,77.0,97.0,52.0
2024-01-11,18,CAUSEWAY BAY,66.0,75.0,94.0,51.0
2024-01-11,19,CAUSEWAY BAY,95.0,66.0,60.0,45.0
2024-01-11,20,CAUSEWAY BAY,79.0,67.0,68.0,47.0
2024-01-11,21,CAUSEWAY BAY,70.0,66.0,67.0,48.0
2024-01-11,22,CAUSEWAY BAY,85.0,67.0,57.0,47.0
2024-01-11,23,CAUSEWAY BAY,93.0,64.0,46.0,45.0
2024-01-11,24,CAUSEWAY BAY,65.0,56.0,73.0,38.0
2024-01-12,1,CAUSEWAY BAY,61.0,57.0,79.0,39.0
2024-01-12,2,CAUSEWAY BAY,51.0,63.0,91.0,42.0
2024-01-12,3,CAUSEWAY BAY,43.0,70.0,92.0,46.0
2024-01-12,4,CAUSEWAY BAY,29.0,69.0,108.0,44.0
2024-01-12,5,CAUSEWAY BAY,29.0,70.0,103.0,45.0
2024-01-12,6,CAUSEWAY BAY,36.0,68.0,92.0,42.0
2024-01-12,7,CAUSEWAY BAY,58.0,68.0,66.0,42.0
2024-01-12,8,CAUSEWAY BAY,88.0,69.0,43.0,43.0
2024-01-12,9,CAUSEWAY BAY,80.0,77.0,53.0,50.0
2024-01-12,10,CAUSEWAY BAY,103.0,84.0,40.0,54.0
2024-01-12,11,CAUSEWAY BAY,116.0,87.0,36.0,55.0
2024-01-12,12,CAUSEWAY BAY,107.0,81.0,51.0,51.0
2024-01-12,13,CAUSEWAY BAY,109.0,76.0,58.0,49.0
2024-01-12,14,CAUSEWAY BAY,123.0,79.0,50.0,52.0
2024-01-12,15,CAUSEWAY BAY,101.0,82.0,68.0,54.0
2024-01-12,16,CAUSEWAY BAY,92.0,83.0,83.0,56.0
2024-01-12,17,CAUSEWAY BAY,78.0,80.0,93.0,53.0
2024-01-12,18,CAUSEWAY BAY,59.0,75.0,109.0,50.0
2024-01-12,19,CAUSEWAY BAY,69.0,78.0,121.0,54.0
2024-01-12,20,CAUSEWAY BAY,104.0,98.0,82.0,71.0
2024-01-12,21,CAUSEWAY BAY,121.0,93.0,56.0,69.0
2024-01-12,22,CAUSEWAY BAY,112.0,96.0,50.0,70.0
2024-01-12,23,CAUSEWAY BAY,107.0,82.0,49.0,59.0
2024-01-12,24,CAUSEWAY BAY,108.0,80.0,49.0,59.0
2024-01-13,1,CAUSEWAY BAY,108.0,87.0,47.0,65.0
2024-01-13,2,CAUSEWAY BAY,67.0,82.0,85.0,60.0
2024-01-13,3,CAUSEWAY BAY,59.0,82.0,99.0,59.0
2024-01-13,4,CAUSEWAY BAY,38.0,81.0,113.0,61.0
2024-01-13,5,CAUSEWAY BAY,50.4468085106383,70.0,94.0,51.0
2024-01-13,6,CAUSEWAY BAY,54.0,68.0,87.0,49.0
2024-01-13,7,CAUSEWAY BAY,88.0,60.0,51.0,42.0
2024-01-13,8,CAUSEWAY BAY,105.0,56.0,30.0,39.0
2024-01-13,9,CAUSEWAY BAY,113.0,45.0,29.0,29.0
2024-01-13,10,CAUSEWAY BAY,101.0,54.0,38.0,35.0
2024-01-13,11,CAUSEWAY BAY,108.0,56.0,41.0,35.0
2024-01-13,12,CAUSEWAY BAY,113.0,64.0,46.0,42.0
2024-01-13,13,CAUSEWAY BAY,97.0,62.0,58.0,40.0
2024-01-13,14,CAUSEWAY BAY,102.0,61.0,62.0,40.0
2024-01-13,15,CAUSEWAY BAY,114.0,57.0,45.0,35.0
2024-01-13,16,CAUSEWAY BAY,106.0,51.0,54.0,29.0
2024-01-13,17,CAUSEWAY BAY,103.0,41.0,66.0,24.0
2024-01-13,18,CAUSEWAY BAY,104.0,53.0,75.0,35.0
2024-01-13,19,CAUSEWAY BAY,105.0,55.0,78.0,34.0
2024-01-13,20,CAUSEWAY BAY,119.0,50.0,40.0,30.0
2024-01-13,21,CAUSEWAY BAY,91.0,43.0,53.0,26.0
2024-01-13,22,CAUSEWAY BAY,87.0,44.0,49.0,27.0
2024-01-13,23,CAUSEWAY BAY,74.0,36.0,50.0,20.0
2024-01-13,24,CAUSEWAY BAY,46.0,33.0,71.0,17.0
2024-01-14,1,CAUSEWAY BAY,37.0,32.0,77.0,17.0
2024-01-14,2,CAUSEWAY BAY,31.0,35.0,83.0,19.0
2024-01-14,3,CAUSEWAY BAY,31.0,31.0,82.0,14.0
2024-01-14,4,CAUSEWAY BAY,32.0,34.0,78.0,16.0
2024-01-14,5,CAUSEWAY BAY,49.0,24.0,64.0,12.0
2024-01-14,6,CAUSEWAY BAY,36.0,23.0,79.0,12.0
2024-01-14,7,CAUSEWAY BAY,68.0,23.0,46.0,11.0
2024-01-14,8,CAUSEWAY BAY,81.0,27.0,35.0,15.0
2024-01-14,9,CAUSEWAY BAY,81.0,28.0,35.0,16.0
2024-01-14,10,CAUSEWAY BAY,88.0,30.0,28.0,18.0
2024-01-14,11,CAUSEWAY BAY,99.0,29.0,24.0,18.0
2024-01-14,12,CAUSEWAY BAY,93.0,27.0,35.0,16.0
2024-01-14,13,CAUSEWAY BAY,79.0,32.0,48.0,19.0
2024-01-14,14,CAUSEWAY BAY,87.0,33.0,34.0,19.0
2024-01-14,15,CAUSEWAY BAY,95.0,34.0,33.0,21.0
2024-01-14,16,CAUSEWAY BAY,91.0,38.0,40.0,24.0
2024-01-14,17,CAUSEWAY BAY,88.0,36.0,40.0,21.0
2024-01-14,18,CAUSEWAY BAY,83.0,38.0,46.0,22.0
2024-01-14,19,CAUSEWAY BAY,57.0,38.0,67.0,23.0
2024-01-14,20,CAUSEWAY BAY,37.0,34.0,94.0,20.0
2024-01-14,21,CAUSEWAY BAY,42.0,38.0,60.0,24.0
2024-01-14,22,CAUSEWAY BAY,33.0,32.0,87.0,19.0
2024-01-14,23,CAUSEWAY BAY,29.0,31.0,104.0,18.0
2024-01-14,24,CAUSEWAY BAY,85.0,33.0,47.0,18.0
2024-01-15,1,CAUSEWAY BAY,89.0,33.0,27.0,18.0
2024-01-15,2,CAUSEWAY BAY,71.0,25.0,37.0,14.0
2024-01-15,3,CAUSEWAY BAY,62.0,31.0,39.0,19.0
2024-01-15,4,CAUSEWAY BAY,55.0,27.0,43.0,16.0
2024-01-15,5,CAUSEWAY BAY,42.97872340425532,17.0,50.0,10.0
2024-01-15,6,CAUSEWAY BAY,53.0,24.0,44.0,13.0
2024-01-15,7,CAUSEWAY BAY,87.0,33.0,15.0,18.0
2024-01-15,8,CAUSEWAY BAY,56.0,39.0,63.0,22.0
2024-01-15,9,CAUSEWAY BAY,71.0,31.0,43.0,16.0
2024-01-15,10,CAUSEWAY BAY,93.0,36.0,24.0,18.0
2024-01-15,11,CAUSEWAY BAY,113.0,37.0,17.0,19.0
2024-01-15,12,CAUSEWAY BAY,99.0,40.0,34.0,21.0
2024-01-15,13,CAUSEWAY BAY,102.0,49.0,54.0,27.0
2024-01-15,14,CAUSEWAY BAY,99.0,41.0,63.0,23.0
2024-01-15,15,CAUSEWAY BAY,104.0,46.0,83.0,25.0
2024-01-15,16,CAUSEWAY BAY,105.0,54.0,83.0,32.0
2024-01-15,17,CAUSEWAY BAY,74.0,46.0,96.0,27.0
2024-01-15,18,CAUSEWAY BAY,76.0,46.0,75.0,26.0
2024-01-15,19,CAUSEWAY BAY,78.0,43.0,65.0,24.0
2024-01-15,20,CAUSEWAY BAY,59.0,39.0,78.0,21.0
2024-01-15,21,CAUSEWAY BAY,58.0,48.0,90.0,26.0
2024-01-15,22,CAUSEWAY BAY,40.0,49.0,95.0,27.0
2024-01-15,23,CAUSEWAY BAY,41.0,60.0,89.0,36.0
2024-01-15,24,CAUSEWAY BAY,29.0,50.0,77.68085106382979,28.0
2024-01-16,1,CAUSEWAY BAY,38.0,49.0,73.0,27.0
2024-01-16,2,CAUSEWAY BAY,26.0,47.0,83.0,26.0
2024-01-16,3,CAUSEWAY BAY,28.0,42.0,83.0,21.0
2024-01-16,4,CAUSEWAY BAY,26.0,32.0,84.0,15.0
2024-01-16,5,CAUSEWAY BAY,25.0,28.0,84.0,14.0
2024-01-16,6,CAUSEWAY BAY,29.0,28.0,86.0,15.0
2024-01-16,7,CAUSEWAY BAY,58.0,33.0,62.0,19.0
2024-01-16,8,CAUSEWAY BAY,71.0,37.0,48.0,21.0
2024-01-16,9,CAUSEWAY BAY,97.0,40.0,28.0,22.0
2024-01-16,10,CAUSEWAY BAY,70.0,45.0,45.0,28.0
2024-01-16,11,CAUSEWAY BAY,65.0,57.0,52.0,36.0
2024-01-16,12,CAUSEWAY BAY,79.0,47.0,44.0,30.0
2024-01-16,13,CAUSEWAY BAY,88.0,45.0,47.0,29.0
2024-01-16,14,CAUSEWAY BAY,96.0,54.0,49.0,37.0
2024-01-16,15,CAUSEWAY BAY,94.0,52.0,61.0,34.0
2024-01-16,16,CAUSEWAY BAY,84.0,54.0,75.0,34.0
2024-01-16,17,CAUSEWAY BAY,90.0,57.0,68.0,37.0
2024-01-16,18,CAUSEWAY BAY,85.0,61.0,71.0,39.0
2024-01-16,19,CAUSEWAY BAY,104.0,48.0,54.0,30.0
2024-01-16,20,CAUSEWAY BAY,87.0,55.0,66.0,34.0
2024-01-16,21,CAUSEWAY BAY,66.0,48.0,69.0,29.0
2024-01-16,22,CAUSEWAY BAY,61.0,49.0,70.0,29.0
2024-01-16,23,CAUSEWAY BAY,63.0,44.0,67.0,24.0
2024-01-16,24,CAUSEWAY BAY,54.0,40.0,69.0,21.0
2024-01-17,1,CAUSEWAY BAY,49.0,48.0,74.0,25.0
2024-01-17,2,CAUSEWAY BAY,34.0,43.0,80.0,21.0
2024-01-17,3,CAUSEWAY BAY,30.0,39.0,81.0,18.0
2024-01-17,4,CAUSEWAY BAY,33.0,34.0,74.0,16.0
2024-01-17,5,CAUSEWAY BAY,41.319148936170215,37.0,81.0,19.0
2024-01-17,6,CAUSEWAY BAY,40.0,43.0,71.0,23.0
2024-01-17,7,CAUSEWAY BAY,47.0,48.0,63.0,27.0
2024-01-17,8,CAUSEWAY BAY,80.0,52.0,33.0,30.0
2024-01-17,9,CAUSEWAY BAY,88.0,55.0,28.0,33.0
2024-01-17,10,CAUSEWAY BAY,80.0,58.0,40.0,37.0
2024-01-17,11,CAUSEWAY BAY,83.0,43.79545454545455,41.0,23.431818181818183
2024-01-17,12,CAUSEWAY BAY,89.0,43.79545454545455,35.0,23.431818181818183
2024-01-17,13,CAUSEWAY BAY,84.0,43.79545454545455,37.0,23.431818181818183
2024-01-17,14,CAUSEWAY BAY,85.0,43.79545454545455,39.0,23.431818181818183
2024-01-17,15,CAUSEWAY BAY,88.0,45.0,54.0,27.0
2024-01-17,16,CAUSEWAY BAY,82.0,48.0,52.0,28.0
2024-01-17,17,CAUSEWAY BAY,102.0,49.0,33.0,30.0
2024-01-17,18,CAUSEWAY BAY,109.0,45.0,41.0,26.0
2024-01-17,19,CAUSEWAY BAY,104.0,50.0,44.0,30.0
2024-01-17,20,CAUSEWAY BAY,88.0,54.0,45.0,33.0
2024-01-17,21,CAUSEWAY BAY,80.0,57.0,47.0,32.0
2024-01-17,22,CAUSEWAY BAY,63.0,49.0,62.0,26.0
2024-01-17,23,CAUSEWAY BAY,77.0,43.0,42.0,23.0
2024-01-17,24,CAUSEWAY BAY,64.0,38.0,53.0,21.0
2024-01-18,1,CAUSEWAY BAY,54.0,31.0,55.0,15.0
2024-01-18,2,CAUSEWAY BAY,33.0,26.0,83.0,13.0
2024-01-18,3,CAUSEWAY BAY,21.0,28.0,89.0,15.0
2024-01-18,4,CAUSEWAY BAY,22.0,32.0,83.0,16.0
2024-01-18,5,CAUSEWAY BAY,25.0,33.0,78.0,15.0
2024-01-18,6,CAUSEWAY BAY,27.0,32.0,76.0,15.0
2024-01-18,7,CAUSEWAY BAY,36.0,38.0,68.0,19.0
2024-01-18,8,CAUSEWAY BAY,58.0,43.0,49.0,22.0
2024-01-18,9,CAUSEWAY BAY,80.0,43.0,31.0,22.0
2024-01-18,10,CAUSEWAY BAY,93.0,44.0,24.0,22.0
2024-01-18,11,CAUSEWAY BAY,90.0,46.0,24.0,23.0
2024-01-18,12,CAUSEWAY BAY,80.0,43.0,36.0,21.0
2024-01-18,13,CAUSEWAY BAY,81.0,43.0,36.0,22.0
2024-01-18,14,CAUSEWAY BAY,80.0,39.0,42.0,18.0
2024-01-18,15,CAUSEWAY BAY,71.0,39.0,59.0,22.0
2024-01-18,16,CAUSEWAY BAY,61.0,39.0,52.0,18.0
2024-01-18,17,CAUSEWAY BAY,72.0,41.0,52.0,19.0
2024-01-18,18,CAUSEWAY BAY,72.0,41.0,48.0,19.0
2024-01-18,19,CAUSEWAY BAY,62.0,40.0,54.0,21.0
2024-01-18,20,CAUSEWAY BAY,56.0,42.0,46.0,24.0
2024-01-18,21,CAUSEWAY BAY,54.0,40.0,44.0,23.0
2024-01-18,22,CAUSEWAY BAY,64.0,37.0,36.0,22.0
2024-01-18,23,CAUSEWAY BAY,59.0,36.0,40.0,22.0
2024-01-18,24,CAUSEWAY BAY,56.0,30.0,44.0,16.0
2024-01-19,1,CAUSEWAY BAY,51.0,31.0,42.0,18.0
2024-01-19,2,CAUSEWAY BAY,71.0,30.0,22.0,17.0
2024-01-19,3,CAUSEWAY BAY,63.0,20.0,36.0,12.0
2024-01-19,4,CAUSEWAY BAY,45.0,24.0,50.0,13.0
2024-01-19,5,CAUSEWAY BAY,46.148936170212764,22.0,67.0,13.0
2024-01-19,6,CAUSEWAY BAY,50.0,17.0,62.0,10.0
2024-01-19,7,CAUSEWAY BAY,91.0,21.0,19.0,12.0
2024-01-19,8,CAUSEWAY BAY,114.0,35.0,10.0,20.0
2024-01-19,9,CAUSEWAY BAY,125.0,45.0,12.0,26.0
2024-01-19,10,CAUSEWAY BAY,117.0,42.0,18.0,24.0
2024-01-19,11,CAUSEWAY BAY,134.0,42.0,22.0,24.0
2024-01-19,12,CAUSEWAY BAY,120.0,42.0,36.0,24.0
2024-01-19,13,CAUSEWAY BAY,105.0,45.0,47.0,28.0
2024-01-19,14,CAUSEWAY BAY,107.0,50.0,45.0,32.0
2024-01-19,15,CAUSEWAY BAY,99.0,43.0,45.0,27.0
2024-01-19,16,CAUSEWAY BAY,104.0,49.0,24.0,30.0
2024-01-19,17,CAUSEWAY BAY,84.0,42.0,48.0,23.0
2024-01-19,18,CAUSEWAY BAY,87.0,38.0,43.0,22.0
2024-01-19,19,CAUSEWAY BAY,80.0,39.0,38.0,23.0
2024-01-19,20,CAUSEWAY BAY,82.0,38.0,29.0,25.0
2024-01-19,21,CAUSEWAY BAY,49.0,32.0,58.0,21.0
2024-01-19,22,CAUSEWAY BAY,72.0,34.0,41.0,22.0
2024-01-19,23,CAUSEWAY BAY,67.0,30.0,44.0,19.0
2024-01-19,24,CAUSEWAY BAY,61.0,36.0,41.0,23.0
2024-01-20,1,CAUSEWAY BAY,53.0,26.0,43.0,14.0
2024-01-20,2,CAUSEWAY BAY,37.0,21.0,49.0,11.0
2024-01-20,3,CAUSEWAY BAY,32.0,21.0,51.0,12.0
2024-01-20,4,CAUSEWAY BAY,30.0,11.0,54.0,6.0
2024-01-20,5,CAUSEWAY BAY,27.0,15.0,53.0,8.0
2024-01-20,6,CAUSEWAY BAY,28.0,16.0,55.0,9.0
2024-01-20,7,CAUSEWAY BAY,47.0,19.0,39.0,11.0
2024-01-20,8,CAUSEWAY BAY,71.0,27.0,28.0,18.0
2024-01-20,9,CAUSEWAY BAY,88.0,30.0,12.0,20.0
2024-01-20,10,CAUSEWAY BAY,100.0,38.0,11.0,23.0
2024-01-20,11,CAUSEWAY BAY,53.95652173913044,48.0,9.0,28.0
2024-01-20,12,CAUSEWAY BAY,102.0,53.0,10.0,30.0
2024-01-20,13,CAUSEWAY BAY,121.0,56.0,11.0,35.0
2024-01-20,14,CAUSEWAY BAY,126.0,73.0,12.0,46.0
2024-01-20,15,CAUSEWAY BAY,148.0,95.0,15.0,51.0
2024-01-20,16,CAUSEWAY BAY,202.0,93.0,17.0,61.0
2024-01-20,17,CAUSEWAY BAY,209.0,126.0,18.0,85.0
2024-01-20,18,CAUSEWAY BAY,181.0,138.0,12.0,88.0
2024-01-20,19,CAUSEWAY BAY,153.0,124.0,16.0,78.0
2024-01-20,20,CAUSEWAY BAY,95.0,99.0,41.0,62.0
2024-01-20,21,CAUSEWAY BAY,94.0,84.0,29.0,52.0
2024-01-20,22,CAUSEWAY BAY,79.0,78.0,29.0,51.0
2024-01-20,23,CAUSEWAY BAY,71.0,54.0,33.0,34.0
2024-01-20,24,CAUSEWAY BAY,89.0,52.0,15.0,31.0
2024-01-21,1,CAUSEWAY BAY,74.0,54.0,9.0,32.0
2024-01-21,2,CAUSEWAY BAY,50.0,50.0,33.0,30.0
2024-01-21,3,CAUSEWAY BAY,35.0,28.0,41.0,17.0
2024-01-21,4,CAUSEWAY BAY,33.0,24.0,36.0,15.0
2024-01-21,5,CAUSEWAY BAY,36.0,23.0,29.0,12.0
2024-01-21,6,CAUSEWAY BAY,38.0,23.0,24.0,13.0
2024-01-21,7,CAUSEWAY BAY,41.0,24.0,20.0,12.0
2024-01-21,8,CAUSEWAY BAY,46.0,23.0,14.0,14.0
2024-01-21,9,CAUSEWAY BAY,49.0,21.0,14.0,12.0
2024-01-21,10,CAUSEWAY BAY,57.0,25.0,13.0,16.0
2024-01-21,11,CAUSEWAY BAY,58.0,28.0,18.0,17.0
2024-01-21,12,CAUSEWAY BAY,58.0,29.0,24.0,18.0
2024-01-21,13,CAUSEWAY BAY,59.0,36.0,35.0,24.0
2024-01-21,14,CAUSEWAY BAY,47.0,36.0,50.0,25.0
2024-01-21,15,CAUSEWAY BAY,86.0,50.0,34.0,32.0
2024-01-21,16,CAUSEWAY BAY,72.0,39.0,53.0,27.0
2024-01-21,17,CAUSEWAY BAY,74.0,42.0,57.0,29.0
2024-01-21,18,CAUSEWAY BAY,79.0,41.0,57.0,26.0
2024-01-21,19,CAUSEWAY BAY,81.0,49.0,56.0,31.0
2024-01-21,20,CAUSEWAY BAY,71.0,43.0,53.0,28.0
2024-01-21,21,CAUSEWAY BAY,75.0,38.0,49.0,26.0
2024-01-21,22,CAUSEWAY BAY,79.0,44.0,46.0,30.0
2024-01-21,23,CAUSEWAY BAY,53.0,44.0,57.0,30.0
2024-01-21,24,CAUSEWAY BAY,48.0,43.0,49.0,29.0
2024-01-22,1,CAUSEWAY BAY,44.0,39.0,48.0,27.0
2024-01-22,2,CAUSEWAY BAY,26.0,44.0,61.0,30.0
2024-01-22,3,CAUSEWAY BAY,18.0,35.0,62.0,25.0
2024-01-22,4,CAUSEWAY BAY,22.0,27.0,53.0,20.0
2024-01-22,5,CAUSEWAY BAY,32.56521739130435,31.0,43.0,21.0
2024-01-22,6,CAUSEWAY BAY,24.0,46.0,43.0,31.0
2024-01-22,7,CAUSEWAY BAY,41.0,46.0,29.0,29.0
2024-01-22,8,CAUSEWAY BAY,53.0,52.0,19.0,33.0
2024-01-22,9,CAUSEWAY BAY,60.0,51.0,15.0,34.0
2024-01-22,10,CAUSEWAY BAY,64.0,47.0,16.0,30.0
2024-01-22,11,CAUSEWAY BAY,62.0,54.0,14.0,32.0
2024-01-22,12,CAUSEWAY BAY,67.0,54.0,14.0,34.0
2024-01-22,13,CAUSEWAY BAY,80.0,54.0,14.0,33.0
2024-01-22,14,CAUSEWAY BAY,76.0,31.466666666666665,16.0,18.0
2024-01-22,15,CAUSEWAY BAY,75.0,31.466666666666665,16.0,18.0
2024-01-22,16,CAUSEWAY BAY,75.0,31.466666666666665,15.0,18.0
2024-01-22,17,CAUSEWAY BAY,65.0,46.0,17.0,24.0
2024-01-22,18,CAUSEWAY BAY,53.0,35.0,20.0,16.0
2024-01-22,19,CAUSEWAY BAY,66.0,34.0,27.0,16.0
2024-01-22,20,CAUSEWAY BAY,53.0,35.0,9.0,18.0
2024-01-22,21,CAUSEWAY BAY,44.0,37.0,16.0,20.0
2024-01-22,22,CAUSEWAY BAY,43.0,29.0,18.0,12.0
2024-01-22,23,CAUSEWAY BAY,48.0,27.0,18.0,12.0
2024-01-22,24,CAUSEWAY BAY,37.0,16.0,32.73913043478261,7.0
2024-01-23,1,CAUSEWAY BAY,27.0,22.565217391304348,30.0,17.41304347826087
2024-01-23,2,CAUSEWAY BAY,30.47826086956522,22.565217391304348,33.0,17.41304347826087
2024-01-23,3,CAUSEWAY BAY,24.0,13.0,32.0,7.0
2024-01-23,4,CAUSEWAY BAY,20.0,6.0,33.0,3.0
2024-01-23,5,CAUSEWAY BAY,30.47826086956522,4.0,30.0,4.0
2024-01-23,6,CAUSEWAY BAY,21.0,7.0,34.0,7.0
2024-01-23,7,CAUSEWAY BAY,29.0,9.0,32.0,8.0
2024-01-23,8,CAUSEWAY BAY,49.0,8.0,17.0,7.0
2024-01-23,9,CAUSEWAY BAY,55.0,13.0,14.0,11.0
2024-01-23,10,CAUSEWAY BAY,61.0,20.0,12.0,16.0
2024-01-23,11,CAUSEWAY BAY,61.0,18.0,13.0,11.0
2024-01-23,12,CAUSEWAY BAY,66.0,28.0,14.0,18.0
2024-01-23,13,CAUSEWAY BAY,74.0,29.0,15.0,23.0
2024-01-23,14,CAUSEWAY BAY,80.0,36.0,17.0,26.0
2024-01-23,15,CAUSEWAY BAY,77.0,45.0,20.0,33.0
2024-01-23,16,CAUSEWAY BAY,85.0,54.0,20.0,37.0
2024-01-23,17,CAUSEWAY BAY,70.0,54.0,23.0,39.0
2024-01-23,18,CAUSEWAY BAY,75.0,44.0,28.0,30.0
2024-01-23,19,CAUSEWAY BAY,72.0,51.0,30.0,36.0
2024-01-23,20,CAUSEWAY BAY,64.0,47.0,21.0,33.0
2024-01-23,21,CAUSEWAY BAY,55.0,42.0,21.0,31.0
2024-01-23,22,CAUSEWAY BAY,55.0,44.0,22.0,30.0
2024-01-23,23,CAUSEWAY BAY,50.0,39.0,28.0,27.0
2024-01-23,24,CAUSEWAY BAY,36.0,32.0,40.0,25.0
2024-01-24,1,CAUSEWAY BAY,38.0,31.0,37.0,24.0
2024-01-24,2,CAUSEWAY BAY,31.0,30.0,41.0,25.0
2024-01-24,3,CAUSEWAY BAY,30.0,31.0,41.0,26.0
2024-01-24,4,CAUSEWAY BAY,24.0,27.0,47.0,22.0
2024-01-24,5,CAUSEWAY BAY,30.0,24.0,42.0,20.0
2024-01-24,6,CAUSEWAY BAY,28.0,28.0,43.0,24.0
2024-01-24,7,CAUSEWAY BAY,50.0,33.0,25.0,27.0
2024-01-24,8,CAUSEWAY BAY,62.0,38.0,16.0,29.0
2024-01-24,9,CAUSEWAY BAY,70.0,38.0,12.0,28.0
2024-01-24,10,CAUSEWAY BAY,75.0,41.0,13.0,29.0
2024-01-24,11,CAUSEWAY BAY,35.19512195121951,47.0,44.51219512195122,32.0
2024-01-24,12,CAUSEWAY BAY,35.19512195121951,47.0,44.51219512195122,30.0
2024-01-24,13,CAUSEWAY BAY,35.19512195121951,41.0,44.51219512195122,30.0
2024-01-24,14,CAUSEWAY BAY,35.19512195121951,43.0,44.51219512195122,32.0
2024-01-24,15,CAUSEWAY BAY,35.19512195121951,42.0,44.51219512195122,30.0
2024-01-24,16,CAUSEWAY BAY,99.0,46.0,16.0,32.0
2024-01-24,17,CAUSEWAY BAY,100.0,55.0,29.0,37.0
2024-01-24,18,CAUSEWAY BAY,85.0,51.0,22.0,34.0
2024-01-24,19,CAUSEWAY BAY,91.0,53.0,14.0,37.0
2024-01-24,20,CAUSEWAY BAY,79.0,63.0,31.0,45.0
2024-01-24,21,CAUSEWAY BAY,75.0,54.0,14.0,39.0
2024-01-24,22,CAUSEWAY BAY,85.0,50.0,11.0,35.0
2024-01-24,23,CAUSEWAY BAY,79.0,45.0,13.0,33.0
2024-01-24,24,CAUSEWAY BAY,72.0,37.0,14.0,27.0
2024-01-25,1,CAUSEWAY BAY,64.0,35.0,13.0,26.0
2024-01-25,2,CAUSEWAY BAY,57.0,34.0,21.0,24.0
2024-01-25,3,CAUSEWAY BAY,48.0,30.0,26.0,21.0
2024-01-25,4,CAUSEWAY BAY,41.0,27.0,32.0,21.0
2024-01-25,5,CAUSEWAY BAY,49.787234042553195,25.0,35.0,20.0
2024-01-25,6,CAUSEWAY BAY,40.0,27.0,35.0,22.0
2024-01-25,7,CAUSEWAY BAY,57.0,28.0,21.0,21.0
2024-01-25,8,CAUSEWAY BAY,69.0,31.0,14.0,22.0
2024-01-25,9,CAUSEWAY BAY,87.0,35.0,9.0,25.0
2024-01-25,10,CAUSEWAY BAY,79.0,42.0,13.0,28.0
2024-01-25,11,CAUSEWAY BAY,92.0,44.0,12.0,25.0
2024-01-25,12,CAUSEWAY BAY,94.0,49.0,13.0,29.0
2024-01-25,13,CAUSEWAY BAY,96.0,56.0,16.0,31.0
2024-01-25,14,CAUSEWAY BAY,97.0,45.0,20.0,28.0
2024-01-25,15,CAUSEWAY BAY,117.0,48.0,14.0,29.0
2024-01-25,16,CAUSEWAY BAY,116.0,70.0,12.0,42.0
2024-01-25,17,CAUSEWAY BAY,136.0,78.0,11.0,48.0
2024-01-25,18,CAUSEWAY BAY,135.0,84.0,11.0,52.0
2024-01-25,19,CAUSEWAY BAY,130.0,95.0,19.0,59.0
2024-01-25,20,CAUSEWAY BAY,122.0,87.0,18.0,57.0
2024-01-25,21,CAUSEWAY BAY,92.0,83.0,18.0,54.0
2024-01-25,22,CAUSEWAY BAY,85.0,73.0,19.0,45.0
2024-01-25,23,CAUSEWAY BAY,77.0,62.0,18.0,39.0
2024-01-25,24,CAUSEWAY BAY,75.0,50.0,21.0,31.0
2024-01-26,1,CAUSEWAY BAY,76.0,42.0,16.0,25.0
2024-01-26,2,CAUSEWAY BAY,68.0,35.0,14.0,24.0
2024-01-26,3,CAUSEWAY BAY,62.0,34.0,19.0,23.0
2024-01-26,4,CAUSEWAY BAY,39.0,33.0,39.0,23.0
2024-01-26,5,CAUSEWAY BAY,39.0,36.0,34.0,25.0
2024-01-26,6,CAUSEWAY BAY,37.0,35.0,35.0,25.0
2024-01-26,7,CAUSEWAY BAY,51.0,37.0,24.0,26.0
2024-01-26,8,CAUSEWAY BAY,63.0,41.0,18.0,28.0
2024-01-26,9,CAUSEWAY BAY,76.0,44.0,12.0,30.0
2024-01-26,10,CAUSEWAY BAY,84.0,52.0,14.0,34.0
2024-01-26,11,CAUSEWAY BAY,83.0,55.0,15.0,36.0
2024-01-26,12,CAUSEWAY BAY,91.0,61.0,18.0,42.0
2024-01-26,13,CAUSEWAY BAY,96.0,77.0,19.0,59.0
2024-01-26,14,CAUSEWAY BAY,87.0,62.0,25.0,44.0
2024-01-26,15,CAUSEWAY BAY,96.0,67.0,21.0,47.0
2024-01-26,16,CAUSEWAY BAY,107.0,72.0,22.0,51.0
2024-01-26,17,CAUSEWAY BAY,133.0,73.0,12.0,50.0
2024-01-26,18,CAUSEWAY BAY,116.0,84.0,21.0,54.0
2024-01-26,19,CAUSEWAY BAY,84.0,76.0,40.0,50.0
2024-01-26,20,CAUSEWAY BAY,88.0,62.0,33.0,41.0
2024-01-26,21,CAUSEWAY BAY,91.0,72.0,14.0,47.0
2024-01-26,22,CAUSEWAY BAY,86.0,73.0,14.0,48.0
2024-01-26,23,CAUSEWAY BAY,74.0,66.0,14.0,43.0
2024-01-26,24,CAUSEWAY BAY,72.0,69.0,19.0,42.0
2024-01-27,1,CAUSEWAY BAY,66.0,60.0,20.0,39.0
2024-01-27,2,CAUSEWAY BAY,57.0,44.0,26.0,32.0
2024-01-27,3,CAUSEWAY BAY,54.0,43.0,35.0,32.0
2024-01-27,4,CAUSEWAY BAY,40.0,39.0,48.0,28.0
2024-01-27,5,CAUSEWAY BAY,49.93617021276596,39.0,54.0,26.0
2024-01-27,6,CAUSEWAY BAY,44.0,41.0,46.0,27.0
2024-01-27,7,CAUSEWAY BAY,57.0,48.0,32.0,33.0
2024-01-27,8,CAUSEWAY BAY,68.0,52.0,20.0,35.0
2024-01-27,9,CAUSEWAY BAY,75.0,50.0,17.0,33.0
2024-01-27,10,CAUSEWAY BAY,80.0,50.0,14.0,33.0
2024-01-27,11,CAUSEWAY BAY,77.0,56.0,16.0,37.0
2024-01-27,12,CAUSEWAY BAY,83.0,69.0,23.0,45.0
2024-01-27,13,CAUSEWAY BAY,79.0,75.0,29.0,52.0
2024-01-27,14,CAUSEWAY BAY,91.0,79.0,29.0,55.0
2024-01-27,15,CAUSEWAY BAY,122.0,77.0,20.0,56.0
2024-01-27,16,CAUSEWAY BAY,118.0,85.0,14.0,59.0
2024-01-27,17,CAUSEWAY BAY,125.0,94.0,10.0,59.0
2024-01-27,18,CAUSEWAY BAY,108.0,99.0,16.0,61.0
2024-01-27,19,CAUSEWAY BAY,97.0,82.0,15.0,54.0
2024-01-27,20,CAUSEWAY BAY,98.0,81.0,17.0,55.0
2024-01-27,21,CAUSEWAY BAY,108.0,77.0,10.0,54.0
2024-01-27,22,CAUSEWAY BAY,99.0,68.0,11.0,48.0
2024-01-27,23,CAUSEWAY BAY,87.0,55.0,10.0,38.0
2024-01-27,24,CAUSEWAY BAY,77.0,54.0,10.0,42.0
2024-01-28,1,CAUSEWAY BAY,61.0,48.0,13.0,39.0
2024-01-28,2,CAUSEWAY BAY,47.0,43.0,18.0,36.0
2024-01-28,3,CAUSEWAY BAY,37.0,36.0,22.0,31.0
2024-01-28,4,CAUSEWAY BAY,28.0,33.0,28.0,29.0
2024-01-28,5,CAUSEWAY BAY,35.0,32.0,23.0,29.0
2024-01-28,6,CAUSEWAY BAY,34.0,29.0,20.0,26.0
2024-01-28,7,CAUSEWAY BAY,44.0,32.0,15.0,28.0
2024-01-28,8,CAUSEWAY BAY,48.0,33.0,12.0,29.0
2024-01-28,9,CAUSEWAY BAY,63.0,38.0,9.0,33.0
2024-01-28,10,CAUSEWAY BAY,65.0,27.0,8.0,23.0
2024-01-28,11,CAUSEWAY BAY,69.0,25.0,9.0,20.0
2024-01-28,12,CAUSEWAY BAY,67.0,34.0,15.0,27.0
2024-01-28,13,CAUSEWAY BAY,60.0,47.0,22.0,39.0
2024-01-28,14,CAUSEWAY BAY,57.0,42.0,26.0,34.0
2024-01-28,15,CAUSEWAY BAY,68.0,48.0,24.0,39.0
2024-01-28,16,CAUSEWAY BAY,64.0,56.0,34.0,44.0
2024-01-28,17,CAUSEWAY BAY,83.0,52.0,23.0,43.0
2024-01-28,18,CAUSEWAY BAY,81.0,45.0,26.0,36.0
2024-01-28,19,CAUSEWAY BAY,91.0,51.0,13.0,40.0
2024-01-28,20,CAUSEWAY BAY,79.0,54.0,17.0,45.0
2024-01-28,21,CAUSEWAY BAY,71.0,52.0,17.0,44.0
2024-01-28,22,CAUSEWAY BAY,70.0,48.0,11.0,38.0
2024-01-28,23,CAUSEWAY BAY,64.0,48.0,10.0,39.0
2024-01-28,24,CAUSEWAY BAY,48.0,42.0,14.0,33.0
2024-01-29,1,CAUSEWAY BAY,41.0,42.0,16.0,32.0
2024-01-29,2,CAUSEWAY BAY,32.0,39.0,20.0,32.0
2024-01-29,3,CAUSEWAY BAY,30.0,36.0,20.0,29.0
2024-01-29,4,CAUSEWAY BAY,29.0,36.0,22.0,29.0
2024-01-29,5,CAUSEWAY BAY,39.638297872340424,42.0,21.0,35.0
2024-01-29,6,CAUSEWAY BAY,23.0,47.0,22.0,39.0
2024-01-29,7,CAUSEWAY BAY,39.0,46.0,11.0,38.0
2024-01-29,8,CAUSEWAY BAY,52.0,48.0,9.0,40.0
2024-01-29,9,CAUSEWAY BAY,56.0,52.0,10.0,43.0
2024-01-29,10,CAUSEWAY BAY,53.0,52.0,27.75,42.0
2024-01-29,11,CAUSEWAY BAY,71.0,47.0,27.75,37.0
2024-01-29,12,CAUSEWAY BAY,64.0,42.0,27.75,34.0
2024-01-29,13,CAUSEWAY BAY,80.0,44.0,12.0,37.0
2024-01-29,14,CAUSEWAY BAY,86.0,52.0,21.0,43.0
2024-01-29,15,CAUSEWAY BAY,83.0,46.0,29.0,38.0
2024-01-29,16,CAUSEWAY BAY,78.0,48.0,26.0,38.0
2024-01-29,17,CAUSEWAY BAY,98.0,48.0,17.0,37.0
2024-01-29,18,CAUSEWAY BAY,90.0,52.0,27.0,40.0
2024-01-29,19,CAUSEWAY BAY,84.0,51.0,22.0,39.0
2024-01-29,20,CAUSEWAY BAY,91.0,42.0,19.0,33.0
2024-01-29,21,CAUSEWAY BAY,75.0,48.0,17.0,39.0
2024-01-29,22,CAUSEWAY BAY,76.0,53.0,20.0,42.0
2024-01-29,23,CAUSEWAY BAY,82.0,42.0,14.0,35.0
2024-01-29,24,CAUSEWAY BAY,73.0,49.0,27.75,40.0
2024-01-30,1,CAUSEWAY BAY,47.0,60.0,35.0,45.0
2024-01-30,2,CAUSEWAY BAY,27.0,64.0,52.0,49.0
2024-01-30,3,CAUSEWAY BAY,46.0,55.0,43.0,44.0
2024-01-30,4,CAUSEWAY BAY,43.0,65.0,47.0,48.0
2024-01-30,5,CAUSEWAY BAY,35.0,68.0,50.0,49.0
2024-01-30,6,CAUSEWAY BAY,46.0,65.0,40.0,49.0
2024-01-30,7,CAUSEWAY BAY,66.0,58.0,20.0,44.0
2024-01-30,8,CAUSEWAY BAY,79.0,57.0,12.0,42.0
2024-01-30,9,CAUSEWAY BAY,86.0,41.0,16.0,34.0
2024-01-30,10,CAUSEWAY BAY,108.0,40.0,9.0,32.0
2024-01-30,11,CAUSEWAY BAY,87.0,45.0,15.0,33.0
2024-01-30,12,CAUSEWAY BAY,87.0,44.0,16.0,33.0
2024-01-30,13,CAUSEWAY BAY,97.0,47.0,13.0,37.0
2024-01-30,14,CAUSEWAY BAY,97.0,46.0,19.0,34.0
2024-01-30,15,CAUSEWAY BAY,92.0,54.0,23.0,40.0
2024-01-30,16,CAUSEWAY BAY,108.0,58.0,17.0,40.0
2024-01-30,17,CAUSEWAY BAY,67.0,51.0,42.0,33.0
2024-01-30,18,CAUSEWAY BAY,59.0,52.0,49.0,33.0
2024-01-30,19,CAUSEWAY BAY,82.0,50.0,31.0,33.0
2024-01-30,20,CAUSEWAY BAY,96.0,46.0,17.0,36.0
2024-01-30,21,CAUSEWAY BAY,48.0,40.0,63.0,31.0
2024-01-30,22,CAUSEWAY BAY,56.0,46.0,61.0,34.0
2024-01-30,23,CAUSEWAY BAY,36.0,56.0,71.0,39.0
2024-01-30,24,CAUSEWAY BAY,47.0,49.0,58.0,32.0
2024-01-31,1,CAUSEWAY BAY,69.0,60.0,32.0,36.0
2024-01-31,2,CAUSEWAY BAY,46.0,55.0,47.0,32.0
2024-01-31,3,CAUSEWAY BAY,30.0,52.0,62.0,32.0
2024-01-31,4,CAUSEWAY BAY,37.0,47.0,53.0,28.0
2024-01-31,5,CAUSEWAY BAY,37.19565217391305,36.0,44.0,22.0
2024-01-31,6,CAUSEWAY BAY,35.0,50.0,51.0,30.0
2024-01-31,7,CAUSEWAY BAY,62.0,59.0,26.0,37.0
2024-01-31,8,CAUSEWAY BAY,70.0,47.0,20.0,34.0
2024-01-31,9,CAUSEWAY BAY,74.0,53.0,18.0,37.0
2024-01-31,10,CAUSEWAY BAY,37.19565217391305,64.0,15.0,39.0
2024-01-31,11,CAUSEWAY BAY,72.0,58.0,20.0,35.0
2024-01-31,12,CAUSEWAY BAY,70.0,60.0,20.0,36.0
2024-01-31,13,CAUSEWAY BAY,85.0,61.0,18.0,36.0
2024-01-31,14,CAUSEWAY BAY,87.0,70.0,22.0,44.0
2024-01-31,15,CAUSEWAY BAY,85.0,65.0,29.0,38.0
2024-01-31,16,CAUSEWAY BAY,102.0,66.0,25.0,40.0
2024-01-31,17,CAUSEWAY BAY,96.0,64.0,20.0,36.0
2024-01-31,18,CAUSEWAY BAY,84.0,68.0,28.0,37.0
2024-01-31,19,CAUSEWAY BAY,86.0,61.0,25.0,35.0
2024-01-31,20,CAUSEWAY BAY,93.0,72.0,15.0,43.0
2024-01-31,21,CAUSEWAY BAY,78.0,72.0,21.0,44.0
2024-01-31,22,CAUSEWAY BAY,54.0,52.0,44.0,34.0
2024-01-31,23,CAUSEWAY BAY,38.0,47.0,57.0,30.0
2024-01-31,24,CAUSEWAY BAY,41.0,43.0,56.0,29.0
2024-01-01,1,TAP MUN,13.0,45.0,134.0,29.0
2024-01-01,2,TAP MUN,12.0,50.0,131.0,31.0
2024-01-01,3,TAP MUN,11.0,55.0,128.0,35.0
2024-01-01,4,TAP MUN,10.0,55.0,129.0,36.0
2024-01-01,5,TAP MUN,9.0,59.0,128.0,39.0
2024-01-01,6,TAP MUN,8.0,62.0,129.0,41.0
2024-01-01,7,TAP MUN,9.0,63.0,125.0,40.0
2024-01-01,8,TAP MUN,12.0,66.0,119.0,40.0
2024-01-01,9,TAP MUN,14.0,66.0,113.0,40.0
2024-01-01,10,TAP MUN,11.0,60.0,120.0,38.0
2024-01-01,11,TAP MUN,9.0,67.0,126.0,41.0
2024-01-01,12,TAP MUN,13.0,67.0,131.0,43.0
2024-01-01,13,TAP MUN,9.0,65.0,146.0,44.0
2024-01-01,14,TAP MUN,9.0,68.0,159.0,44.0
2024-01-01,15,TAP MUN,10.0,70.0,174.0,44.0
2024-01-01,16,TAP MUN,12.0,72.0,173.0,44.0
2024-01-01,17,TAP MUN,11.0,74.0,171.0,44.0
2024-01-01,18,TAP MUN,13.0,76.0,169.0,44.0
2024-01-01,19,TAP MUN,11.0,80.0,163.0,46.0
2024-01-01,20,TAP MUN,9.0,75.0,155.0,42.0
2024-01-01,21,TAP MUN,9.0,66.0,146.0,37.0
2024-01-01,22,TAP MUN,11.0,59.0,138.0,33.0
2024-01-01,23,TAP MUN,9.0,58.0,134.0,31.0
2024-01-01,24,TAP MUN,9.0,61.0,130.0,33.0
2024-01-02,1,TAP MUN,44.06382978723404,57.0,86.97872340425532,30.0
2024-01-02,2,TAP MUN,8.0,59.0,121.0,32.0
2024-01-02,3,TAP MUN,9.0,59.0,119.0,33.0
2024-01-02,4,TAP MUN,8.0,60.0,118.0,33.0
2024-01-02,5,TAP MUN,8.0,59.0,118.0,31.0
2024-01-02,6,TAP MUN,8.0,60.0,118.0,33.0
2024-01-02,7,TAP MUN,8.0,60.0,114.0,33.0
2024-01-02,8,TAP MUN,13.0,58.0,106.0,30.0
2024-01-02,9,TAP MUN,11.0,56.0,107.0,31.0
2024-01-02,10,TAP MUN,12.0,59.0,110.0,32.0
2024-01-02,11,TAP MUN,12.0,59.0,117.0,32.0
2024-01-02,12,TAP MUN,9.0,59.0,128.0,32.0
2024-01-02,13,TAP MUN,8.0,59.0,134.0,34.0
2024-01-02,14,TAP MUN,7.0,55.0,138.0,32.0
2024-01-02,15,TAP MUN,8.0,50.0,143.0,31.0
2024-01-02,16,TAP MUN,12.0,51.0,151.0,32.0
2024-01-02,17,TAP MUN,14.0,53.0,150.0,31.0
2024-01-02,18,TAP MUN,10.0,54.0,148.0,32.0
2024-01-02,19,TAP MUN,12.0,49.0,132.0,29.0
2024-01-02,20,TAP MUN,11.0,44.0,120.0,28.0
2024-01-02,21,TAP MUN,9.0,39.0,88.0,25.0
2024-01-02,22,TAP MUN,8.0,32.0,78.0,23.0
2024-01-02,23,TAP MUN,7.0,30.0,77.0,22.0
2024-01-02,24,TAP MUN,7.0,29.0,68.0,22.0
2024-01-03,1,TAP MUN,9.0,29.0,62.0,22.0
2024-01-03,2,TAP MUN,9.0,29.0,60.0,22.0
2024-01-03,3,TAP MUN,8.0,28.0,65.0,20.0
2024-01-03,4,TAP MUN,9.0,30.0,56.0,22.0
2024-01-03,5,TAP MUN,17.0,33.0,62.0,23.0
2024-01-03,6,TAP MUN,19.0,62.0,59.0,44.0
2024-01-03,7,TAP MUN,11.0,66.0,56.0,54.0
2024-01-03,8,TAP MUN,11.0,51.0,51.0,45.0
2024-01-03,9,TAP MUN,11.0,33.0,57.0,26.0
2024-01-03,10,TAP MUN,10.0,24.0,67.0,15.0
2024-01-03,11,TAP MUN,10.0,24.0,81.0,12.0
2024-01-03,12,TAP MUN,11.0,45.93333333333333,94.0,30.266666666666666
2024-01-03,13,TAP MUN,16.0,45.93333333333333,104.0,30.266666666666666
2024-01-03,14,TAP MUN,11.0,45.93333333333333,117.0,30.266666666666666
2024-01-03,15,TAP MUN,13.0,35.0,118.0,17.0
2024-01-03,16,TAP MUN,11.0,34.0,113.0,17.0
2024-01-03,17,TAP MUN,12.0,31.0,106.0,15.0
2024-01-03,18,TAP MUN,14.0,32.0,95.0,16.0
2024-01-03,19,TAP MUN,13.0,31.0,85.0,16.0
2024-01-03,20,TAP MUN,14.0,28.0,76.0,17.0
2024-01-03,21,TAP MUN,14.0,26.0,72.0,15.0
2024-01-03,22,TAP MUN,15.0,26.0,69.0,17.0
2024-01-03,23,TAP MUN,13.0,19.0,69.0,11.0
2024-01-03,24,TAP MUN,12.0,18.0,67.0,12.0
2024-01-04,1,TAP MUN,40.46808510638298,18.0,73.87234042553192,12.0
2024-01-04,2,TAP MUN,12.0,18.0,65.0,13.0
2024-01-04,3,TAP MUN,14.0,16.0,64.0,11.0
2024-01-04,4,TAP MUN,11.0,14.0,68.0,9.0
2024-01-04,5,TAP MUN,14.0,16.0,63.0,11.0
2024-01-04,6,TAP MUN,14.0,18.0,62.0,12.0
2024-01-04,7,TAP MUN,17.0,17.0,59.0,11.0
2024-01-04,8,TAP MUN,17.0,19.0,58.0,12.0
2024-01-04,9,TAP MUN,17.0,21.0,59.0,13.0
2024-01-04,10,TAP MUN,16.0,25.0,67.0,15.0
2024-01-04,11,TAP MUN,13.0,28.0,90.0,17.0
2024-01-04,12,TAP MUN,10.0,33.0,111.0,19.0
2024-01-04,13,TAP MUN,9.0,31.0,125.0,17.0
2024-01-04,14,TAP MUN,10.0,32.0,133.0,18.0
2024-01-04,15,TAP MUN,8.0,29.0,141.0,15.0
2024-01-04,16,TAP MUN,9.0,34.0,144.0,18.0
2024-01-04,17,TAP MUN,7.0,36.0,143.0,18.0
2024-01-04,18,TAP MUN,9.0,36.0,141.0,19.0
2024-01-04,19,TAP MUN,9.0,32.0,129.0,16.0
2024-01-04,20,TAP MUN,8.0,27.0,112.0,15.0
2024-01-04,21,TAP MUN,8.0,24.0,103.0,14.0
2024-01-04,22,TAP MUN,8.0,20.0,90.0,13.0
2024-01-04,23,TAP MUN,8.0,21.0,78.0,15.0
2024-01-04,24,TAP MUN,9.0,20.0,71.0,15.0
2024-01-05,1,TAP MUN,9.0,18.0,72.0,13.0
2024-01-05,2,TAP MUN,9.0,25.0,104.0,17.0
2024-01-05,3,TAP MUN,10.0,30.0,87.0,18.0
2024-01-05,4,TAP MUN,11.0,28.0,107.0,17.0
2024-01-05,5,TAP MUN,11.0,37.0,114.0,19.0
2024-01-05,6,TAP MUN,9.0,35.0,91.0,20.0
2024-01-05,7,TAP MUN,10.0,28.0,103.0,16.0
2024-01-05,8,TAP MUN,13.0,39.0,102.0,20.0
2024-01-05,9,TAP MUN,12.0,35.0,104.0,18.0
2024-01-05,10,TAP MUN,12.0,35.0,116.0,17.0
2024-01-05,11,TAP MUN,11.0,39.0,131.0,21.0
2024-01-05,12,TAP MUN,12.0,41.0,142.0,22.0
2024-01-05,13,TAP MUN,12.0,43.0,153.0,24.0
2024-01-05,14,TAP MUN,13.0,41.0,156.0,22.0
2024-01-05,15,TAP MUN,8.0,37.0,162.0,19.0
2024-01-05,16,TAP MUN,10.0,41.0,168.0,23.0
2024-01-05,17,TAP MUN,10.0,40.0,161.0,22.0
2024-01-05,18,TAP MUN,9.0,36.0,139.0,19.0
2024-01-05,19,TAP MUN,8.0,35.0,143.0,20.0
2024-01-05,20,TAP MUN,7.0,29.0,101.0,18.0
2024-01-05,21,TAP MUN,6.0,21.0,93.0,16.0
2024-01-05,22,TAP MUN,6.0,20.0,92.0,15.0
2024-01-05,23,TAP MUN,6.0,16.0,73.0,11.0
2024-01-05,24,TAP MUN,8.0,17.0,57.0,13.0
2024-01-06,1,TAP MUN,71.51063829787235,16.0,61.829787234042556,11.0
2024-01-06,2,TAP MUN,9.0,17.0,49.0,13.0
2024-01-06,3,TAP MUN,7.0,18.0,53.0,14.0
2024-01-06,4,TAP MUN,10.0,16.0,48.0,12.0
2024-01-06,5,TAP MUN,16.0,19.0,41.0,14.0
2024-01-06,6,TAP MUN,13.0,21.0,41.0,16.0
2024-01-06,7,TAP MUN,11.0,21.0,36.0,16.0
2024-01-06,8,TAP MUN,15.0,19.0,35.0,14.0
2024-01-06,9,TAP MUN,19.0,18.0,46.0,12.0
2024-01-06,10,TAP MUN,38.0,34.0,48.0,24.0
2024-01-06,11,TAP MUN,20.0,43.0,121.0,27.0
2024-01-06,12,TAP MUN,22.0,49.0,165.0,28.0
2024-01-06,13,TAP MUN,18.0,53.0,205.0,30.0
2024-01-06,14,TAP MUN,23.0,56.0,171.0,34.0
2024-01-06,15,TAP MUN,10.0,46.0,178.0,28.0
2024-01-06,16,TAP MUN,14.0,39.0,175.0,24.0
2024-01-06,17,TAP MUN,18.0,41.0,169.0,25.0
2024-01-06,18,TAP MUN,15.0,40.0,169.0,25.0
2024-01-06,19,TAP MUN,26.0,39.0,138.0,27.0
2024-01-06,20,TAP MUN,20.0,41.0,131.0,30.0
2024-01-06,21,TAP MUN,18.0,37.0,105.0,28.0
2024-01-06,22,TAP MUN,16.0,39.0,83.0,30.0
2024-01-06,23,TAP MUN,13.0,42.0,68.0,34.0
2024-01-06,24,TAP MUN,12.0,33.0,64.0,28.0
2024-01-07,1,TAP MUN,10.0,35.0,69.0,29.0
2024-01-07,2,TAP MUN,9.0,35.0,72.0,29.0
2024-01-07,3,TAP MUN,8.0,32.0,73.0,26.0
2024-01-07,4,TAP MUN,8.0,36.0,69.0,29.0
2024-01-07,5,TAP MUN,9.0,42.0,87.0,34.0
2024-01-07,6,TAP MUN,10.0,42.0,89.0,33.0
2024-01-07,7,TAP MUN,13.0,42.0,106.0,31.0
2024-01-07,8,TAP MUN,12.0,38.0,67.0,27.0
2024-01-07,9,TAP MUN,12.0,38.0,93.0,28.0
2024-01-07,10,TAP MUN,13.0,50.0,131.0,35.0
2024-01-07,11,TAP MUN,13.0,58.0,141.0,39.0
2024-01-07,12,TAP MUN,10.0,57.0,145.0,37.0
2024-01-07,13,TAP MUN,11.0,47.0,143.0,30.0
2024-01-07,14,TAP MUN,8.0,45.0,152.0,29.0
2024-01-07,15,TAP MUN,11.0,47.0,164.0,31.0
2024-01-07,16,TAP MUN,11.0,53.0,179.0,35.0
2024-01-07,17,TAP MUN,11.0,53.0,174.0,32.0
2024-01-07,18,TAP MUN,11.0,53.0,164.0,30.0
2024-01-07,19,TAP MUN,8.0,50.0,160.0,26.0
2024-01-07,20,TAP MUN,8.0,48.0,154.0,24.0
2024-01-07,21,TAP MUN,9.0,55.0,151.0,31.0
2024-01-07,22,TAP MUN,8.0,56.0,141.0,33.0
2024-01-07,23,TAP MUN,9.0,56.0,135.0,32.0
2024-01-07,24,TAP MUN,9.0,61.0,132.0,35.0
2024-01-08,1,TAP MUN,47.48936170212766,64.0,106.34782608695652,35.0
2024-01-08,2,TAP MUN,8.0,66.0,133.0,37.0
2024-01-08,3,TAP MUN,10.0,71.0,140.0,42.0
2024-01-08,4,TAP MUN,12.0,71.0,143.0,43.0
2024-01-08,5,TAP MUN,10.0,70.0,140.0,45.0
2024-01-08,6,TAP MUN,11.0,71.0,135.0,46.0
2024-01-08,7,TAP MUN,11.0,69.0,134.0,44.0
2024-01-08,8,TAP MUN,11.0,73.0,132.0,46.0
2024-01-08,9,TAP MUN,10.0,77.0,131.0,49.0
2024-01-08,10,TAP MUN,10.0,75.0,129.0,47.0
2024-01-08,11,TAP MUN,11.0,72.0,133.0,47.0
2024-01-08,12,TAP MUN,10.0,71.0,143.0,48.0
2024-01-08,13,TAP MUN,9.0,65.0,150.0,45.0
2024-01-08,14,TAP MUN,9.0,55.0,156.0,37.0
2024-01-08,15,TAP MUN,9.0,54.0,165.0,37.0
2024-01-08,16,TAP MUN,10.0,53.0,166.0,34.0
2024-01-08,17,TAP MUN,12.0,50.0,168.0,31.0
2024-01-08,18,TAP MUN,13.0,52.0,161.0,31.0
2024-01-08,19,TAP MUN,15.0,53.0,160.0,31.0
2024-01-08,20,TAP MUN,30.0,57.0,133.0,32.0
2024-01-08,21,TAP MUN,16.0,57.0,140.0,33.0
2024-01-08,22,TAP MUN,13.0,51.0,109.0,29.0
2024-01-08,23,TAP MUN,12.0,39.0,109.0,26.0
2024-01-08,24,TAP MUN,13.0,39.0,99.0,27.0
2024-01-09,1,TAP MUN,12.0,39.0,87.0,28.0
2024-01-09,2,TAP MUN,13.0,39.0,111.0,24.0
2024-01-09,3,TAP MUN,13.0,51.0,105.0,27.0
2024-01-09,4,TAP MUN,15.0,51.0,87.0,29.0
2024-01-09,5,TAP MUN,16.0,42.0,73.0,25.0
2024-01-09,6,TAP MUN,12.0,37.0,65.0,25.0
2024-01-09,7,TAP MUN,11.0,38.0,67.0,26.0
2024-01-09,8,TAP MUN,13.0,38.0,61.0,26.0
2024-01-09,9,TAP MUN,11.0,35.0,70.0,23.0
2024-01-09,10,TAP MUN,15.0,46.0,101.0,26.0
2024-01-09,11,TAP MUN,12.0,55.0,120.0,32.0
2024-01-09,12,TAP MUN,14.0,60.0,134.0,35.0
2024-01-09,13,TAP MUN,13.0,59.0,152.0,34.0
2024-01-09,14,TAP MUN,18.0,64.0,160.0,38.0
2024-01-09,15,TAP MUN,13.0,65.0,181.0,40.0
2024-01-09,16,TAP MUN,10.0,55.0,172.0,32.0
2024-01-09,17,TAP MUN,17.0,49.0,146.0,26.0
2024-01-09,18,TAP MUN,17.0,43.0,134.0,22.0
2024-01-09,19,TAP MUN,14.0,41.0,127.0,23.0
2024-01-09,20,TAP MUN,11.0,36.0,91.0,21.0
2024-01-09,21,TAP MUN,13.0,29.0,77.0,19.0
2024-01-09,22,TAP MUN,12.0,29.0,63.0,20.0
2024-01-09,23,TAP MUN,16.0,27.0,42.0,20.0
2024-01-09,24,TAP MUN,16.0,24.0,36.0,17.0
2024-01-10,1,TAP MUN,44.47826086956522,26.0,56.56521739130435,19.0
2024-01-10,2,TAP MUN,44.47826086956522,28.0,56.56521739130435,20.0
2024-01-10,3,TAP MUN,13.0,29.0,50.0,21.0
2024-01-10,4,TAP MUN,13.0,26.0,64.0,19.0
2024-01-10,5,TAP MUN,9.0,16.0,75.0,14.0
2024-01-10,6,TAP MUN,6.0,11.0,79.0,10.0
2024-01-10,7,TAP MUN,8.0,10.0,73.0,8.0
2024-01-10,8,TAP MUN,9.0,10.0,67.0,8.0
2024-01-10,9,TAP MUN,10.0,8.0,63.0,6.0
2024-01-10,10,TAP MUN,9.0,11.0,67.0,7.0
2024-01-10,11,TAP MUN,10.0,15.0,75.0,10.0
2024-01-10,12,TAP MUN,9.0,40.0,84.0,32.0
2024-01-10,13,TAP MUN,8.0,26.0,98.0,16.0
2024-01-10,14,TAP MUN,8.0,26.0,103.0,14.0
2024-01-10,15,TAP MUN,7.0,21.0,107.0,13.0
2024-01-10,16,TAP MUN,8.0,22.0,111.0,11.0
2024-01-10,17,TAP MUN,9.0,26.0,113.0,15.0
2024-01-10,18,TAP MUN,7.0,23.0,119.0,13.0
2024-01-10,19,TAP MUN,7.0,17.0,86.0,10.0
2024-01-10,20,TAP MUN,15.0,20.0,73.0,13.0
2024-01-10,21,TAP MUN,16.0,26.0,72.0,15.0
2024-01-10,22,TAP MUN,16.0,27.0,68.0,17.0
2024-01-10,23,TAP MUN,17.0,25.0,64.0,16.0
2024-01-10,24,TAP MUN,20.0,28.0,58.0,18.0
2024-01-11,1,TAP MUN,19.0,26.0,58.0,16.0
2024-01-11,2,TAP MUN,17.0,24.0,60.0,16.0
2024-01-11,3,TAP MUN,14.0,27.0,63.0,20.0
2024-01-11,4,TAP MUN,14.0,26.0,63.0,19.0
2024-01-11,5,TAP MUN,14.0,27.0,62.0,21.0
2024-01-11,6,TAP MUN,14.0,23.0,62.0,17.0
2024-01-11,7,TAP MUN,18.0,21.0,56.0,15.0
2024-01-11,8,TAP MUN,19.0,22.0,55.0,17.0
2024-01-11,9,TAP MUN,16.0,24.0,60.0,17.0
2024-01-11,10,TAP MUN,15.0,28.0,68.0,19.0
2024-01-11,11,TAP MUN,14.0,29.0,78.0,20.0
2024-01-11,12,TAP MUN,11.0,30.0,97.0,20.0
2024-01-11,13,TAP MUN,7.0,35.0,117.0,22.0
2024-01-11,14,TAP MUN,10.0,40.0,141.0,26.0
2024-01-11,15,TAP MUN,11.0,52.0,154.0,35.0
2024-01-11,16,TAP MUN,10.0,53.0,157.0,37.0
2024-01-11,17,TAP MUN,9.0,49.0,149.0,34.0
2024-01-11,18,TAP MUN,10.0,46.0,144.0,31.0
2024-01-11,19,TAP MUN,9.0,46.0,141.0,30.0
2024-01-11,20,TAP MUN,9.0,45.0,131.0,28.0
2024-01-11,21,TAP MUN,8.0,43.0,98.0,29.0
2024-01-11,22,TAP MUN,9.0,35.0,108.0,27.0
2024-01-11,23,TAP MUN,9.0,50.0,140.0,35.0
2024-01-11,24,TAP MUN,10.0,49.0,119.0,31.0
2024-01-12,1,TAP MUN,47.680851063829785,44.0,96.42553191489361,32.0
2024-01-12,2,TAP MUN,8.0,37.0,92.0,29.0
2024-01-12,3,TAP MUN,9.0,44.0,105.0,32.0
2024-01-12,4,TAP MUN,9.0,46.0,96.0,32.0
2024-01-12,5,TAP MUN,8.0,41.0,82.0,30.0
2024-01-12,6,TAP MUN,8.0,39.0,79.0,29.0
2024-01-12,7,TAP MUN,9.0,40.0,72.0,30.0
2024-01-12,8,TAP MUN,12.0,43.0,71.0,30.0
2024-01-12,9,TAP MUN,14.0,53.0,104.0,37.0
2024-01-12,10,TAP MUN,12.0,64.0,115.0,41.0
2024-01-12,11,TAP MUN,11.0,61.0,129.0,38.0
2024-01-12,12,TAP MUN,12.0,59.0,140.0,37.0
2024-01-12,13,TAP MUN,12.0,62.0,155.0,39.0
2024-01-12,14,TAP MUN,10.0,66.0,162.0,42.0
2024-01-12,15,TAP MUN,11.0,67.0,167.0,44.0
2024-01-12,16,TAP MUN,11.0,61.0,173.0,40.0
2024-01-12,17,TAP MUN,11.0,59.0,174.0,39.0
2024-01-12,18,TAP MUN,22.0,60.0,177.0,42.0
2024-01-12,19,TAP MUN,16.0,63.0,178.0,43.0
2024-01-12,20,TAP MUN,13.0,63.0,167.0,44.0
2024-01-12,21,TAP MUN,12.0,59.0,116.0,43.0
2024-01-12,22,TAP MUN,9.0,48.0,96.0,39.0
2024-01-12,23,TAP MUN,9.0,48.0,85.0,40.0
2024-01-12,24,TAP MUN,9.0,47.0,75.0,39.0
2024-01-13,1,TAP MUN,8.0,48.0,73.0,41.0
2024-01-13,2,TAP MUN,8.0,46.0,69.0,38.0
2024-01-13,3,TAP MUN,8.0,43.0,72.0,35.0
2024-01-13,4,TAP MUN,9.0,42.0,73.0,34.0
2024-01-13,5,TAP MUN,11.0,48.0,77.0,38.0
2024-01-13,6,TAP MUN,9.0,49.0,70.0,38.0
2024-01-13,7,TAP MUN,8.0,45.0,57.0,36.0
2024-01-13,8,TAP MUN,8.0,42.0,61.0,34.0
2024-01-13,9,TAP MUN,8.0,39.0,62.0,31.0
2024-01-13,10,TAP MUN,11.0,37.0,95.0,30.0
2024-01-13,11,TAP MUN,19.0,35.0,116.0,25.0
2024-01-13,12,TAP MUN,10.0,38.0,139.0,26.0
2024-01-13,13,TAP MUN,10.0,37.0,150.0,23.0
2024-01-13,14,TAP MUN,14.0,40.0,151.0,27.0
2024-01-13,15,TAP MUN,11.0,39.0,155.0,24.0
2024-01-13,16,TAP MUN,13.0,36.0,165.0,21.0
2024-01-13,17,TAP MUN,13.0,38.0,169.0,22.0
2024-01-13,18,TAP MUN,13.0,43.0,184.0,24.0
2024-01-13,19,TAP MUN,15.0,52.0,181.0,32.0
2024-01-13,20,TAP MUN,13.0,45.0,155.0,26.0
2024-01-13,21,TAP MUN,18.0,33.0,121.0,17.0
2024-01-13,22,TAP MUN,15.0,24.0,103.0,11.0
2024-01-13,23,TAP MUN,9.0,22.0,107.0,9.0
2024-01-13,24,TAP MUN,8.0,24.0,109.0,10.0
2024-01-14,1,TAP MUN,38.191489361702125,23.0,76.23404255319149,11.0
2024-01-14,2,TAP MUN,7.0,22.0,111.0,9.0
2024-01-14,3,TAP MUN,6.0,23.0,111.0,11.0
2024-01-14,4,TAP MUN,8.0,23.0,108.0,10.0
2024-01-14,5,TAP MUN,8.0,21.0,105.0,9.0
2024-01-14,6,TAP MUN,21.0,20.0,80.0,10.0
2024-01-14,7,TAP MUN,14.0,18.0,73.0,11.0
2024-01-14,8,TAP MUN,12.0,13.0,64.0,9.0
2024-01-14,9,TAP MUN,13.0,13.0,64.0,9.0
2024-01-14,10,TAP MUN,22.0,17.0,67.0,12.0
2024-01-14,11,TAP MUN,27.0,19.0,77.0,11.0
2024-01-14,12,TAP MUN,15.0,30.0,103.0,21.0
2024-01-14,13,TAP MUN,10.0,27.0,113.0,19.0
2024-01-14,14,TAP MUN,11.0,21.0,117.0,10.0
2024-01-14,15,TAP MUN,9.0,23.0,128.0,10.0
2024-01-14,16,TAP MUN,7.0,28.0,133.0,13.0
2024-01-14,17,TAP MUN,7.0,34.0,136.0,12.0
2024-01-14,18,TAP MUN,9.0,45.0,131.0,14.0
2024-01-14,19,TAP MUN,8.0,44.0,102.0,13.0
2024-01-14,20,TAP MUN,14.0,23.0,76.0,10.0
2024-01-14,21,TAP MUN,12.0,29.0,82.0,9.0
2024-01-14,22,TAP MUN,8.0,14.0,80.0,8.0
2024-01-14,23,TAP MUN,7.0,11.0,80.0,8.0
2024-01-14,24,TAP MUN,8.0,11.0,76.0,7.0
2024-01-15,1,TAP MUN,8.0,11.0,66.0,7.0
2024-01-15,2,TAP MUN,10.0,11.0,54.0,7.0
2024-01-15,3,TAP MUN,8.0,9.0,53.0,6.0
2024-01-15,4,TAP MUN,10.0,10.0,50.0,6.0
2024-01-15,5,TAP MUN,9.0,12.0,47.0,9.0
2024-01-15,6,TAP MUN,8.0,9.0,48.0,6.0
2024-01-15,7,TAP MUN,14.0,11.0,46.0,7.0
2024-01-15,8,TAP MUN,16.0,12.0,35.0,8.0
2024-01-15,9,TAP MUN,14.0,9.0,49.0,5.0
2024-01-15,10,TAP MUN,38.0,13.0,44.0,6.0
2024-01-15,11,TAP MUN,39.0,24.0,68.0,13.0
2024-01-15,12,TAP MUN,20.0,29.0,117.0,13.0
2024-01-15,13,TAP MUN,10.0,37.0,144.0,19.0
2024-01-15,14,TAP MUN,11.0,37.0,165.0,21.0
2024-01-15,15,TAP MUN,13.0,35.04347826086956,179.0,17.956521739130434
2024-01-15,16,TAP MUN,14.0,35.04347826086956,171.0,17.956521739130434
2024-01-15,17,TAP MUN,10.0,46.0,161.0,19.0
2024-01-15,18,TAP MUN,10.0,42.0,123.0,17.0
2024-01-15,19,TAP MUN,9.0,46.0,115.0,18.0
2024-01-15,20,TAP MUN,11.0,64.0,121.0,29.0
2024-01-15,21,TAP MUN,6.0,64.0,132.0,22.0
2024-01-15,22,TAP MUN,6.0,54.0,126.0,14.0
2024-01-15,23,TAP MUN,6.0,58.0,119.0,21.0
2024-01-15,24,TAP MUN,6.0,60.0,111.0,27.0
2024-01-16,1,TAP MUN,37.4468085106383,56.0,92.91489361702128,28.0
2024-01-16,2,TAP MUN,7.0,49.0,103.0,21.0
2024-01-16,3,TAP MUN,7.0,45.0,103.0,19.0
2024-01-16,4,TAP MUN,6.0,46.0,103.0,20.0
2024-01-16,5,TAP MUN,6.0,50.0,103.0,21.0
2024-01-16,6,TAP MUN,6.0,45.0,103.0,20.0
2024-01-16,7,TAP MUN,6.0,41.0,103.0,22.0
2024-01-16,8,TAP MUN,6.0,37.0,103.0,22.0
2024-01-16,9,TAP MUN,6.0,36.0,103.0,24.0
2024-01-16,10,TAP MUN,9.0,40.0,102.0,22.0
2024-01-16,11,TAP MUN,7.0,48.0,112.0,24.0
2024-01-16,12,TAP MUN,8.0,44.0,120.0,28.0
2024-01-16,13,TAP MUN,7.0,39.0,131.0,27.0
2024-01-16,14,TAP MUN,8.0,30.0,134.0,22.0
2024-01-16,15,TAP MUN,7.0,35.0,144.0,17.0
2024-01-16,16,TAP MUN,9.0,43.0,157.0,21.0
2024-01-16,17,TAP MUN,8.0,44.0,164.0,25.0
2024-01-16,18,TAP MUN,9.0,52.0,163.0,30.0
2024-01-16,19,TAP MUN,10.0,59.0,151.0,30.0
2024-01-16,20,TAP MUN,9.0,68.0,137.0,29.0
2024-01-16,21,TAP MUN,11.0,62.0,127.0,23.0
2024-01-16,22,TAP MUN,8.0,55.0,127.0,19.0
2024-01-16,23,TAP MUN,8.0,57.0,119.0,22.0
2024-01-16,24,TAP MUN,8.0,51.0,117.0,15.0
2024-01-17,1,TAP MUN,11.0,48.0,109.0,12.0
2024-01-17,2,TAP MUN,18.0,52.0,101.0,18.0
2024-01-17,3,TAP MUN,9.0,54.0,105.0,18.0
2024-01-17,4,TAP MUN,9.0,60.0,94.0,22.0
2024-01-17,5,TAP MUN,9.0,58.0,92.0,28.0
2024-01-17,6,TAP MUN,9.0,59.0,96.0,36.0
2024-01-17,7,TAP MUN,10.0,66.0,72.0,34.0
2024-01-17,8,TAP MUN,10.0,61.0,73.0,30.0
2024-01-17,9,TAP MUN,10.0,52.0,74.0,26.0
2024-01-17,10,TAP MUN,19.0,39.0,87.0,20.0
2024-01-17,11,TAP MUN,13.0,29.0,96.0,16.0
2024-01-17,12,TAP MUN,12.0,36.0,107.0,22.0
2024-01-17,13,TAP MUN,9.0,36.0,110.0,22.0
2024-01-17,14,TAP MUN,9.0,30.0,120.0,21.0
2024-01-17,15,TAP MUN,9.0,33.0,128.0,23.0
2024-01-17,16,TAP MUN,11.0,36.0,122.0,21.0
2024-01-17,17,TAP MUN,11.0,37.0,124.0,20.0
2024-01-17,18,TAP MUN,9.0,36.0,111.0,19.0
2024-01-17,19,TAP MUN,9.0,33.0,76.0,18.0
2024-01-17,20,TAP MUN,11.0,35.0,79.0,18.0
2024-01-17,21,TAP MUN,12.0,33.0,83.0,18.0
2024-01-17,22,TAP MUN,11.0,27.0,84.0,17.0
2024-01-17,23,TAP MUN,11.0,23.0,69.0,15.0
2024-01-17,24,TAP MUN,12.0,19.0,68.0,12.0
2024-01-18,1,TAP MUN,41.891891891891895,18.0,51.0,11.0
2024-01-18,2,TAP MUN,16.0,19.0,53.0,12.0
2024-01-18,3,TAP MUN,13.0,17.0,54.0,10.0
2024-01-18,4,TAP MUN,12.0,14.0,48.0,8.0
2024-01-18,5,TAP MUN,13.0,14.0,50.0,8.0
2024-01-18,6,TAP MUN,18.0,17.0,50.0,10.0
2024-01-18,7,TAP MUN,14.0,18.0,42.0,11.0
2024-01-18,8,TAP MUN,14.0,18.0,46.0,13.0
2024-01-18,9,TAP MUN,15.0,16.0,44.0,10.0
2024-01-18,10,TAP MUN,41.891891891891895,29.210526315789473,51.0,15.210526315789474
2024-01-18,11,TAP MUN,41.891891891891895,29.210526315789473,51.0,15.210526315789474
2024-01-18,12,TAP MUN,41.891891891891895,29.210526315789473,51.0,15.210526315789474
2024-01-18,13,TAP MUN,41.891891891891895,29.210526315789473,51.0,15.210526315789474
2024-01-18,14,TAP MUN,41.891891891891895,29.210526315789473,51.0,15.210526315789474
2024-01-18,15,TAP MUN,41.891891891891895,29.210526315789473,51.0,15.210526315789474
2024-01-18,16,TAP MUN,41.891891891891895,29.210526315789473,51.0,15.210526315789474
2024-01-18,17,TAP MUN,41.891891891891895,29.210526315789473,51.0,15.210526315789474
2024-01-18,18,TAP MUN,41.891891891891895,29.210526315789473,51.0,15.210526315789474
2024-01-18,19,TAP MUN,41.891891891891895,29.210526315789473,51.0,15.210526315789474
2024-01-18,20,TAP MUN,5.0,19.0,70.0,7.0
2024-01-18,21,TAP MUN,7.0,13.0,50.0,4.0
2024-01-18,22,TAP MUN,5.0,7.0,46.0,2.0
2024-01-18,23,TAP MUN,5.0,8.0,45.0,5.0
2024-01-18,24,TAP MUN,6.0,6.0,40.0,3.0
2024-01-19,1,TAP MUN,7.0,8.0,33.0,5.0
2024-01-19,2,TAP MUN,6.0,8.0,33.0,6.0
2024-01-19,3,TAP MUN,5.0,9.0,34.0,6.0
2024-01-19,4,TAP MUN,4.0,8.0,35.0,5.0
2024-01-19,5,TAP MUN,4.0,7.0,31.0,4.0
2024-01-19,6,TAP MUN,5.0,10.0,34.0,7.0
2024-01-19,7,TAP MUN,6.0,8.0,34.0,5.0
2024-01-19,8,TAP MUN,9.0,7.0,32.0,4.0
2024-01-19,9,TAP MUN,13.0,10.0,42.0,6.0
2024-01-19,10,TAP MUN,20.0,14.0,62.0,9.0
2024-01-19,11,TAP MUN,23.0,15.0,89.0,9.0
2024-01-19,12,TAP MUN,13.0,17.0,126.0,9.0
2024-01-19,13,TAP MUN,9.0,21.0,147.0,13.0
2024-01-19,14,TAP MUN,10.0,26.0,159.0,16.0
2024-01-19,15,TAP MUN,6.0,29.0,150.0,17.0
2024-01-19,16,TAP MUN,4.0,20.0,144.0,10.0
2024-01-19,17,TAP MUN,6.0,23.0,146.0,12.0
2024-01-19,18,TAP MUN,3.0,20.0,113.0,10.0
2024-01-19,19,TAP MUN,4.0,14.0,107.0,6.0
2024-01-19,20,TAP MUN,8.0,18.0,94.0,8.0
2024-01-19,21,TAP MUN,10.0,19.0,57.0,7.0
2024-01-19,22,TAP MUN,5.0,11.0,47.0,5.0
2024-01-19,23,TAP MUN,5.0,11.0,43.0,8.0
2024-01-19,24,TAP MUN,6.0,11.0,63.0,7.0
2024-01-20,1,TAP MUN,53.95652173913044,12.0,55.8936170212766,5.0
2024-01-20,2,TAP MUN,4.0,14.0,78.0,6.0
2024-01-20,3,TAP MUN,5.0,13.0,76.0,4.0
2024-01-20,4,TAP MUN,6.0,14.0,50.0,6.0
2024-01-20,5,TAP MUN,5.0,10.0,35.0,5.0
2024-01-20,6,TAP MUN,4.0,7.0,29.0,5.0
2024-01-20,7,TAP MUN,5.0,7.0,26.0,5.0
2024-01-20,8,TAP MUN,8.0,7.0,28.0,5.0
2024-01-20,9,TAP MUN,6.0,6.0,47.0,4.0
2024-01-20,10,TAP MUN,15.0,8.0,62.0,3.0
2024-01-20,11,TAP MUN,20.0,15.0,70.0,8.0
2024-01-20,12,TAP MUN,25.0,23.0,82.0,13.0
2024-01-20,13,TAP MUN,23.0,27.0,113.0,16.0
2024-01-20,14,TAP MUN,16.0,31.0,184.0,16.0
2024-01-20,15,TAP MUN,14.0,39.0,162.0,22.0
2024-01-20,16,TAP MUN,15.0,38.0,162.0,21.0
2024-01-20,17,TAP MUN,18.0,41.0,133.0,21.0
2024-01-20,18,TAP MUN,14.0,33.0,113.0,16.0
2024-01-20,19,TAP MUN,15.0,32.0,120.0,18.0
2024-01-20,20,TAP MUN,15.0,35.0,105.0,18.0
2024-01-20,21,TAP MUN,18.0,32.0,86.0,16.0
2024-01-20,22,TAP MUN,16.0,28.0,79.0,13.0
2024-01-20,23,TAP MUN,17.0,21.0,66.0,10.0
2024-01-20,24,TAP MUN,15.0,23.0,59.0,10.0
2024-01-21,1,TAP MUN,19.0,22.0,41.0,11.0
2024-01-21,2,TAP MUN,20.0,23.0,31.0,10.0
2024-01-21,3,TAP MUN,19.0,19.0,28.0,9.0
2024-01-21,4,TAP MUN,18.0,20.0,25.0,13.0
2024-01-21,5,TAP MUN,15.0,18.0,27.0,12.0
2024-01-21,6,TAP MUN,14.0,14.0,28.0,8.0
2024-01-21,7,TAP MUN,13.0,14.0,29.0,10.0
2024-01-21,8,TAP MUN,13.0,12.0,30.0,10.0
2024-01-21,9,TAP MUN,13.0,12.0,33.0,9.0
2024-01-21,10,TAP MUN,14.0,14.0,36.0,9.0
2024-01-21,11,TAP MUN,14.0,16.0,48.0,8.0
2024-01-21,12,TAP MUN,14.0,20.0,57.0,11.0
2024-01-21,13,TAP MUN,15.0,22.0,65.0,11.0
2024-01-21,14,TAP MUN,13.0,26.0,82.0,14.0
2024-01-21,15,TAP MUN,12.0,25.0,97.0,15.0
2024-01-21,16,TAP MUN,14.0,29.02127659574468,99.0,17.617021276595743
2024-01-21,17,TAP MUN,16.0,40.0,100.0,14.0
2024-01-21,18,TAP MUN,15.0,25.0,88.0,12.0
2024-01-21,19,TAP MUN,11.0,24.0,106.0,12.0
2024-01-21,20,TAP MUN,8.0,26.0,109.0,16.0
2024-01-21,21,TAP MUN,9.0,28.0,113.0,17.0
2024-01-21,22,TAP MUN,15.0,30.0,98.0,17.0
2024-01-21,23,TAP MUN,10.0,28.0,87.0,16.0
2024-01-21,24,TAP MUN,12.0,29.0,70.0,19.0
2024-01-22,1,TAP MUN,32.56521739130435,29.0,32.73913043478261,21.0
2024-01-22,2,TAP MUN,16.0,25.0,51.0,17.0
2024-01-22,3,TAP MUN,16.0,26.0,44.0,19.0
2024-01-22,4,TAP MUN,17.0,26.0,41.0,19.0
2024-01-22,5,TAP MUN,14.0,28.0,42.0,20.0
2024-01-22,6,TAP MUN,11.0,26.0,43.0,18.0
2024-01-22,7,TAP MUN,12.0,26.0,42.0,18.0
2024-01-22,8,TAP MUN,10.0,24.0,42.0,17.0
2024-01-22,9,TAP MUN,14.0,25.0,38.0,18.0
2024-01-22,10,TAP MUN,13.0,28.0,37.0,19.0
2024-01-22,11,TAP MUN,13.0,31.0,35.0,19.0
2024-01-22,12,TAP MUN,14.0,34.0,36.0,19.0
2024-01-22,13,TAP MUN,12.0,32.0,43.0,15.0
2024-01-22,14,TAP MUN,12.0,28.0,46.0,14.0
2024-01-22,15,TAP MUN,11.0,23.0,43.0,10.0
2024-01-22,16,TAP MUN,12.0,21.0,41.0,8.0
2024-01-22,17,TAP MUN,14.0,20.0,38.0,5.0
2024-01-22,18,TAP MUN,14.0,20.0,35.0,6.0
2024-01-22,19,TAP MUN,15.0,22.0,32.0,6.0
2024-01-22,20,TAP MUN,15.0,20.0,31.0,3.0
2024-01-22,21,TAP MUN,14.0,25.0,31.0,4.0
2024-01-22,22,TAP MUN,12.0,20.0,36.0,5.0
2024-01-22,23,TAP MUN,11.0,11.0,37.0,3.0
2024-01-22,24,TAP MUN,10.0,7.0,39.0,3.0
2024-01-23,1,TAP MUN,9.0,11.0,40.0,8.0
2024-01-23,2,TAP MUN,9.0,6.0,38.0,4.0
2024-01-23,3,TAP MUN,8.0,3.0,39.0,3.0
2024-01-23,4,TAP MUN,8.0,2.0,39.0,3.0
2024-01-23,5,TAP MUN,7.0,3.0,41.0,3.0
2024-01-23,6,TAP MUN,7.0,6.0,43.0,6.0
2024-01-23,7,TAP MUN,7.0,8.0,45.0,8.0
2024-01-23,8,TAP MUN,8.0,6.0,43.0,7.0
2024-01-23,9,TAP MUN,8.0,7.0,43.0,7.0
2024-01-23,10,TAP MUN,9.0,11.0,45.0,12.0
2024-01-23,11,TAP MUN,9.0,13.0,45.0,13.0
2024-01-23,12,TAP MUN,9.0,16.0,49.0,14.0
2024-01-23,13,TAP MUN,8.0,16.0,55.0,14.0
2024-01-23,14,TAP MUN,8.0,16.0,58.0,14.0
2024-01-23,15,TAP MUN,8.0,22.0,61.0,18.0
2024-01-23,16,TAP MUN,8.0,23.0,64.0,18.0
2024-01-23,17,TAP MUN,9.0,27.0,59.0,22.0
2024-01-23,18,TAP MUN,10.0,30.0,58.0,25.0
2024-01-23,19,TAP MUN,9.0,26.0,57.0,21.0
2024-01-23,20,TAP MUN,8.0,26.0,59.0,21.0
2024-01-23,21,TAP MUN,8.0,28.0,59.0,24.0
2024-01-23,22,TAP MUN,8.0,30.0,60.0,25.0
2024-01-23,23,TAP MUN,7.0,31.0,62.0,26.0
2024-01-23,24,TAP MUN,7.0,28.0,61.0,23.0
2024-01-24,1,TAP MUN,35.19512195121951,25.0,44.51219512195122,20.0
2024-01-24,2,TAP MUN,35.19512195121951,26.0,44.51219512195122,22.0
2024-01-24,3,TAP MUN,5.0,26.0,63.0,22.0
2024-01-24,4,TAP MUN,6.0,24.0,62.0,20.0
2024-01-24,5,TAP MUN,6.0,27.0,61.0,23.0
2024-01-24,6,TAP MUN,5.0,28.0,63.0,24.0
2024-01-24,7,TAP MUN,6.0,27.0,61.0,24.0
2024-01-24,8,TAP MUN,7.0,29.0,59.0,25.0
2024-01-24,9,TAP MUN,8.0,24.0,57.0,21.0
2024-01-24,10,TAP MUN,9.0,23.0,58.0,19.0
2024-01-24,11,TAP MUN,10.0,25.0,60.0,20.0
2024-01-24,12,TAP MUN,11.0,28.0,62.0,22.0
2024-01-24,13,TAP MUN,11.0,29.0,66.0,23.0
2024-01-24,14,TAP MUN,11.0,29.0,70.0,22.0
2024-01-24,15,TAP MUN,11.0,28.0,72.0,21.0
2024-01-24,16,TAP MUN,11.0,28.0,71.0,21.0
2024-01-24,17,TAP MUN,14.0,24.0,67.0,16.0
2024-01-24,18,TAP MUN,18.0,28.0,60.0,19.0
2024-01-24,19,TAP MUN,17.0,29.0,58.0,20.0
2024-01-24,20,TAP MUN,15.0,30.0,58.0,21.0
2024-01-24,21,TAP MUN,15.0,26.0,56.0,19.0
2024-01-24,22,TAP MUN,16.0,26.0,53.0,19.0
2024-01-24,23,TAP MUN,16.0,25.0,52.0,18.0
2024-01-24,24,TAP MUN,12.0,24.0,55.0,17.0
2024-01-25,1,TAP MUN,10.0,22.0,56.0,17.0
2024-01-25,2,TAP MUN,9.0,20.0,56.0,15.0
2024-01-25,3,TAP MUN,8.0,20.0,56.0,16.0
2024-01-25,4,TAP MUN,8.0,22.0,56.0,19.0
2024-01-25,5,TAP MUN,7.0,18.0,55.0,15.0
2024-01-25,6,TAP MUN,7.0,18.0,55.0,14.0
2024-01-25,7,TAP MUN,8.0,21.0,54.0,18.0
2024-01-25,8,TAP MUN,9.0,22.0,54.0,19.0
2024-01-25,9,TAP MUN,10.0,22.0,53.0,18.0
2024-01-25,10,TAP MUN,12.0,23.0,49.0,18.0
2024-01-25,11,TAP MUN,22.0,23.0,45.0,16.0
2024-01-25,12,TAP MUN,21.0,27.0,51.0,18.0
2024-01-25,13,TAP MUN,18.0,29.0,62.0,18.0
2024-01-25,14,TAP MUN,14.0,36.0,79.0,24.0
2024-01-25,15,TAP MUN,12.0,35.0,96.0,23.0
2024-01-25,16,TAP MUN,11.0,33.0,101.0,20.0
2024-01-25,17,TAP MUN,18.0,33.0,91.0,20.0
2024-01-25,18,TAP MUN,18.0,36.0,82.0,21.0
2024-01-25,19,TAP MUN,19.0,37.0,76.0,23.0
2024-01-25,20,TAP MUN,21.0,36.0,67.0,20.0
2024-01-25,21,TAP MUN,23.0,39.0,60.0,22.0
2024-01-25,22,TAP MUN,17.0,37.0,62.0,24.0
2024-01-25,23,TAP MUN,16.0,31.0,58.0,21.0
2024-01-25,24,TAP MUN,16.0,31.0,55.0,21.0
2024-01-26,1,TAP MUN,49.91489361702128,28.0,38.702127659574465,20.0
2024-01-26,2,TAP MUN,19.0,27.0,48.0,19.0
2024-01-26,3,TAP MUN,18.0,30.0,49.0,23.0
2024-01-26,4,TAP MUN,15.0,32.0,49.0,26.0
2024-01-26,5,TAP MUN,16.0,29.0,45.0,22.0
2024-01-26,6,TAP MUN,17.0,28.0,43.0,21.0
2024-01-26,7,TAP MUN,15.0,29.0,44.0,23.0
2024-01-26,8,TAP MUN,17.0,28.0,45.0,21.0
2024-01-26,9,TAP MUN,15.0,32.0,53.0,22.0
2024-01-26,10,TAP MUN,17.0,35.0,48.0,24.0
2024-01-26,11,TAP MUN,18.0,32.0,49.0,22.0
2024-01-26,12,TAP MUN,20.0,34.0,53.0,23.0
2024-01-26,13,TAP MUN,20.0,36.0,57.0,24.0
2024-01-26,14,TAP MUN,17.0,32.0,72.0,22.0
2024-01-26,15,TAP MUN,15.0,39.0,85.0,28.0
2024-01-26,16,TAP MUN,16.0,37.0,94.0,26.0
2024-01-26,17,TAP MUN,20.0,31.0,84.0,20.0
2024-01-26,18,TAP MUN,25.0,35.0,76.0,22.0
2024-01-26,19,TAP MUN,23.0,40.0,68.0,26.0
2024-01-26,20,TAP MUN,28.0,40.0,51.0,24.0
2024-01-26,21,TAP MUN,31.0,44.0,41.0,26.0
2024-01-26,22,TAP MUN,20.0,47.0,54.0,30.0
2024-01-26,23,TAP MUN,25.0,36.0,47.0,26.0
2024-01-26,24,TAP MUN,20.0,27.0,52.0,19.0
2024-01-27,1,TAP MUN,20.0,31.0,48.0,23.0
2024-01-27,2,TAP MUN,20.0,32.0,45.0,23.0
2024-01-27,3,TAP MUN,19.0,31.0,45.0,22.0
2024-01-27,4,TAP MUN,18.0,31.0,46.0,23.0
2024-01-27,5,TAP MUN,23.0,34.0,42.0,24.0
2024-01-27,6,TAP MUN,18.0,34.0,44.0,25.0
2024-01-27,7,TAP MUN,18.0,33.0,44.0,24.0
2024-01-27,8,TAP MUN,17.0,34.0,42.0,24.0
2024-01-27,9,TAP MUN,16.0,31.0,43.0,23.0
2024-01-27,10,TAP MUN,18.0,31.0,45.0,22.0
2024-01-27,11,TAP MUN,19.0,34.0,50.0,24.0
2024-01-27,12,TAP MUN,18.0,37.0,54.0,25.0
2024-01-27,13,TAP MUN,17.0,40.0,55.0,27.0
2024-01-27,14,TAP MUN,17.0,39.0,63.0,26.0
2024-01-27,15,TAP MUN,16.0,43.0,72.0,30.0
2024-01-27,16,TAP MUN,15.0,44.0,73.0,31.0
2024-01-27,17,TAP MUN,17.0,42.0,64.0,28.0
2024-01-27,18,TAP MUN,19.0,39.0,55.0,25.0
2024-01-27,19,TAP MUN,23.0,39.0,43.0,25.0
2024-01-27,20,TAP MUN,20.0,42.0,44.0,28.0
2024-01-27,21,TAP MUN,19.0,36.0,42.0,27.0
2024-01-27,22,TAP MUN,16.0,36.0,39.0,29.0
2024-01-27,23,TAP MUN,17.0,37.0,34.0,32.0
2024-01-27,24,TAP MUN,17.0,34.0,32.0,30.0
2024-01-28,1,TAP MUN,37.680851063829785,34.0,26.78723404255319,31.0
2024-01-28,2,TAP MUN,11.0,32.0,33.0,30.0
2024-01-28,3,TAP MUN,11.0,23.0,34.0,23.0
2024-01-28,4,TAP MUN,10.0,23.0,34.0,22.0
2024-01-28,5,TAP MUN,10.0,20.0,34.0,19.0
2024-01-28,6,TAP MUN,10.0,14.0,35.0,14.0
2024-01-28,7,TAP MUN,7.0,11.0,37.0,11.0
2024-01-28,8,TAP MUN,9.0,12.0,34.0,11.0
2024-01-28,9,TAP MUN,10.0,14.0,34.0,13.0
2024-01-28,10,TAP MUN,11.0,8.0,35.0,8.0
2024-01-28,11,TAP MUN,10.0,9.0,36.0,9.0
2024-01-28,12,TAP MUN,11.0,10.0,39.0,9.0
2024-01-28,13,TAP MUN,12.0,16.0,41.0,14.0
2024-01-28,14,TAP MUN,13.0,17.0,45.0,14.0
2024-01-28,15,TAP MUN,12.0,17.0,52.0,14.0
2024-01-28,16,TAP MUN,13.0,18.0,53.0,15.0
2024-01-28,17,TAP MUN,17.0,24.0,49.0,19.0
2024-01-28,18,TAP MUN,18.0,23.0,46.0,18.0
2024-01-28,19,TAP MUN,21.0,21.0,42.0,18.0
2024-01-28,20,TAP MUN,23.0,29.0,32.0,24.0
2024-01-28,21,TAP MUN,29.0,31.0,21.0,25.0
2024-01-28,22,TAP MUN,25.0,34.0,21.0,27.0
2024-01-28,23,TAP MUN,25.0,33.0,20.0,27.0
2024-01-28,24,TAP MUN,19.0,32.0,23.0,28.0
2024-01-29,1,TAP MUN,17.0,26.0,24.0,22.0
2024-01-29,2,TAP MUN,22.0,27.0,21.0,24.0
2024-01-29,3,TAP MUN,16.0,25.0,24.0,23.0
2024-01-29,4,TAP MUN,21.0,26.0,17.0,24.0
2024-01-29,5,TAP MUN,19.0,29.0,18.0,25.0
2024-01-29,6,TAP MUN,17.0,32.0,19.0,29.0
2024-01-29,7,TAP MUN,16.0,35.0,18.0,32.0
2024-01-29,8,TAP MUN,22.0,30.0,13.0,27.0
2024-01-29,9,TAP MUN,22.0,30.0,13.0,27.0
2024-01-29,10,TAP MUN,21.0,28.0,20.0,24.0
2024-01-29,11,TAP MUN,16.0,31.0,27.0,27.0
2024-01-29,12,TAP MUN,15.0,30.0,36.0,27.0
2024-01-29,13,TAP MUN,16.0,27.0,44.0,25.0
2024-01-29,14,TAP MUN,19.0,25.0,54.0,22.0
2024-01-29,15,TAP MUN,16.0,26.0,68.0,23.0
2024-01-29,16,TAP MUN,13.0,25.0,78.0,21.0
2024-01-29,17,TAP MUN,14.0,26.0,77.0,21.0
2024-01-29,18,TAP MUN,12.0,20.0,68.0,18.0
2024-01-29,19,TAP MUN,11.0,18.0,48.0,16.0
2024-01-29,20,TAP MUN,12.0,19.0,43.0,15.0
2024-01-29,21,TAP MUN,11.0,18.0,30.0,14.0
2024-01-29,22,TAP MUN,10.0,18.0,32.0,17.0
2024-01-29,23,TAP MUN,10.0,19.0,29.0,17.0
2024-01-29,24,TAP MUN,9.0,17.0,25.0,15.0
2024-01-30,1,TAP MUN,39.59574468085106,18.0,52.38297872340426,15.0
2024-01-30,2,TAP MUN,15.0,21.0,33.0,18.0
2024-01-30,3,TAP MUN,16.0,25.0,27.0,21.0
2024-01-30,4,TAP MUN,11.0,29.0,55.0,23.0
2024-01-30,5,TAP MUN,9.0,40.0,70.0,30.0
2024-01-30,6,TAP MUN,8.0,39.0,55.0,29.0
2024-01-30,7,TAP MUN,7.0,29.0,37.0,22.0
2024-01-30,8,TAP MUN,7.0,27.0,30.0,23.0
2024-01-30,9,TAP MUN,11.0,25.0,42.0,22.0
2024-01-30,10,TAP MUN,10.0,32.0,64.0,26.0
2024-01-30,11,TAP MUN,10.0,28.0,74.0,20.0
2024-01-30,12,TAP MUN,12.0,29.0,76.0,20.0
2024-01-30,13,TAP MUN,13.0,29.0,81.0,20.0
2024-01-30,14,TAP MUN,9.0,24.0,95.0,18.0
2024-01-30,15,TAP MUN,9.0,23.0,99.0,15.0
2024-01-30,16,TAP MUN,8.0,23.0,101.0,14.0
2024-01-30,17,TAP MUN,9.0,23.0,99.0,13.0
2024-01-30,18,TAP MUN,8.0,23.0,91.0,11.0
2024-01-30,19,TAP MUN,9.0,27.0,86.0,12.0
2024-01-30,20,TAP MUN,7.0,25.0,84.0,14.0
2024-01-30,21,TAP MUN,7.0,20.0,72.0,15.0
2024-01-30,22,TAP MUN,6.0,17.0,78.0,12.0
2024-01-30,23,TAP MUN,9.0,19.0,100.0,11.0
2024-01-30,24,TAP MUN,9.0,22.0,94.0,11.0
2024-01-31,1,TAP MUN,8.0,25.0,86.0,11.0
2024-01-31,2,TAP MUN,9.0,26.0,64.0,13.0
2024-01-31,3,TAP MUN,8.0,26.0,65.0,16.0
2024-01-31,4,TAP MUN,7.0,24.0,57.0,13.0
2024-01-31,5,TAP MUN,6.0,21.0,43.0,12.0
2024-01-31,6,TAP MUN,6.0,21.0,37.0,12.0
2024-01-31,7,TAP MUN,5.0,23.0,54.0,11.0
2024-01-31,8,TAP MUN,5.0,32.0,58.0,13.0
2024-01-31,9,TAP MUN,6.0,41.0,61.0,15.0
2024-01-31,10,TAP MUN,10.0,43.0,64.0,17.0
2024-01-31,11,TAP MUN,15.0,39.0,59.0,22.0
2024-01-31,12,TAP MUN,18.0,40.0,62.0,17.0
2024-01-31,13,TAP MUN,13.0,41.0,78.0,17.0
2024-01-31,14,TAP MUN,8.0,38.0,93.0,17.0
2024-01-31,15,TAP MUN,11.0,35.0,97.0,16.0
2024-01-31,16,TAP MUN,10.0,32.0,97.0,16.0
2024-01-31,17,TAP MUN,11.0,28.0,88.0,14.0
2024-01-31,18,TAP MUN,11.0,29.0,100.0,14.0
2024-01-31,19,TAP MUN,13.0,30.0,101.0,12.0
2024-01-31,20,TAP MUN,9.0,28.0,96.0,11.0
2024-01-31,21,TAP MUN,7.0,20.0,67.0,9.0
2024-01-31,22,TAP MUN,6.0,16.0,52.0,9.0
2024-01-31,23,TAP MUN,8.0,19.0,83.0,10.0
2024-01-31,24,TAP MUN,7.0,18.0,91.0,8.0
