DATE,HOUR,STATION,NO2,O3,PM10,PM2.5
2024-01-01,1,Camarones,41.00,5.00,67.00,46.00
2024-01-01,2,Camarones,41.00,1.00,84.00,66.00
2024-01-01,3,Camarones,39.00,1.00,112.00,91.00
2024-01-01,4,Camarones,37.00,2.00,126.00,104.00
2024-01-01,5,Camarones,35.00,2.00,167.00,142.00
2024-01-01,6,Camarones,32.00,1.00,149.00,128.00
2024-01-01,7,Camarones,29.00,1.00,108.00,90.00
2024-01-01,8,Camarones,28.00,1.00,108.00,95.00
2024-01-01,9,Camarones,27.00,8.00,81.00,68.00
2024-01-01,10,Camarones,24.00,29.00,70.00,58.00
2024-01-01,11,Camarones,24.00,53.00,66.00,56.00
2024-01-01,12,Camarones,15.00,74.00,87.00,72.00
2024-01-01,13,Camarones,16.00,88.00,53.00,43.00
2024-01-01,14,Camarones,16.00,104.00,58.00,47.00
2024-01-01,15,Camarones,15.00,108.00,63.00,51.00
2024-01-01,16,Camarones,12.00,91.00,45.00,35.00
2024-01-01,17,Camarones,12.00,89.00,26.00,17.00
2024-01-01,18,Camarones,14.00,86.00,26.00,20.00
2024-01-01,19,Camarones,47.00,35.00,43.00,36.00
2024-01-01,20,Camarones,43.00,26.00,39.00,24.00
2024-01-01,21,Camarones,52.00,13.00,53.00,29.00
2024-01-01,22,Camarones,41.00,13.00,56.00,29.00
2024-01-01,23,Camarones,24.00,28.00,57.00,24.00
2024-01-01,24,Camarones,38.00,12.00,46.00,23.00
2024-01-02,1,Camarones,31.00,21.00,42.00,21.00
2024-01-02,2,Camarones,27.00,20.00,31.00,15.00
2024-01-02,3,Camarones,27.00,14.00,31.00,16.00
2024-01-02,4,Camarones,28.00,11.00,31.00,19.00
2024-01-02,5,Camarones,38.00,1.00,34.00,24.00
2024-01-02,6,Camarones,38.00,1.00,40.00,27.00
2024-01-02,7,Camarones,42.00,1.00,41.00,25.00
2024-01-02,8,Camarones,41.00,1.00,51.00,32.00
2024-01-02,9,Camarones,43.00,2.00,75.00,39.00
2024-01-02,10,Camarones,49.00,6.00,82.00,35.00
2024-01-02,11,Camarones,57.00,16.00,76.00,42.00
2024-01-02,12,Camarones,40.00,31.00,78.00,46.00
2024-01-02,13,Camarones,34.00,38.00,42.00,23.00
2024-01-02,14,Camarones,24.00,52.00,36.00,19.00
2024-01-02,15,Camarones,24.00,53.00,39.00,13.00
2024-01-02,16,Camarones,22.00,56.00,34.00,24.00
2024-01-02,17,Camarones,29.00,43.00,27.00,11.00
2024-01-02,18,Camarones,30.00,36.00,34.00,3.00
2024-01-02,19,Camarones,19.00,30.00,44.00,16.00
2024-01-02,20,Camarones,23.00,21.00,32.00,14.00
2024-01-02,21,Camarones,28.00,16.00,24.00,8.00
2024-01-02,22,Camarones,47.00,7.00,26.00,6.00
2024-01-02,23,Camarones,48.00,2.00,46.00,19.00
2024-01-02,24,Camarones,52.00,1.00,46.00,21.00
2024-01-03,1,Camarones,48.00,1.00,39.00,16.00
2024-01-03,2,Camarones,47.00,1.00,45.00,22.00
2024-01-03,3,Camarones,47.00,1.00,45.00,19.00
2024-01-03,4,Camarones,46.00,1.00,55.00,27.00
2024-01-03,5,Camarones,44.00,1.00,56.00,32.00
2024-01-03,6,Camarones,44.00,1.00,43.00,18.00
2024-01-03,7,Camarones,40.00,1.00,47.00,21.00
2024-01-03,8,Camarones,42.00,1.00,38.00,20.00
2024-01-03,9,Camarones,42.00,1.00,48.00,21.00
2024-01-03,10,Camarones,50.00,3.00,50.00,18.00
2024-01-03,11,Camarones,44.00,12.00,59.00,22.00
2024-01-03,12,Camarones,44.00,23.00,72.00,19.00
2024-01-03,13,Camarones,28.00,45.00,74.00,16.00
2024-01-03,14,Camarones,26.00,53.00,32.00,14.00
2024-01-03,15,Camarones,31.00,58.00,24.00,10.00
2024-01-03,16,Camarones,38.00,63.00,29.00,14.00
2024-01-03,17,Camarones,30.00,60.00,23.00,8.00
2024-01-03,18,Camarones,32.00,34.00,46.00,23.00
2024-01-03,19,Camarones,34.00,25.00,38.00,7.00
2024-01-03,20,Camarones,34.00,17.00,41.00,15.00
2024-01-03,21,Camarones,36.00,12.00,37.00,14.00
2024-01-03,22,Camarones,39.00,11.00,44.00,15.00
2024-01-03,23,Camarones,41.00,7.00,42.00,16.00
2024-01-03,24,Camarones,42.00,3.00,37.00,14.00
2024-01-04,1,Camarones,45.00,1.00,32.00,11.00
2024-01-04,2,Camarones,45.00,1.00,41.00,14.00
2024-01-04,3,Camarones,41.00,1.00,57.00,26.00
2024-01-04,4,Camarones,49.00,1.00,52.00,29.00
2024-01-04,5,Camarones,42.00,1.00,59.00,20.00
2024-01-04,6,Camarones,50.00,1.00,44.00,15.00
2024-01-04,7,Camarones,54.00,1.00,45.00,21.00
2024-01-04,8,Camarones,40.00,1.00,71.00,31.00
2024-01-04,9,Camarones,37.00,2.00,51.00,22.00
2024-01-04,10,Camarones,38.00,8.00,42.00,20.00
2024-01-04,11,Camarones,31.00,20.00,37.00,11.00
2024-01-04,12,Camarones,19.00,37.00,34.00,14.00
2024-01-04,13,Camarones,17.00,49.00,24.00,9.00
2024-01-04,14,Camarones,14.00,52.00,23.00,6.00
2024-01-04,15,Camarones,6.00,46.00,26.00,10.00
2024-01-04,16,Camarones,7.00,46.00,,
2024-01-04,17,Camarones,8.00,43.00,28.00,11.00
2024-01-04,18,Camarones,11.00,36.00,35.00,13.00
2024-01-04,19,Camarones,18.00,22.00,12.00,
2024-01-04,20,Camarones,28.00,10.00,16.00,
2024-01-04,21,Camarones,38.00,1.00,24.00,10.00
2024-01-04,22,Camarones,24.00,10.00,33.00,16.00
2024-01-04,23,Camarones,33.00,4.00,22.00,7.00
2024-01-04,24,Camarones,,,26.00,12.00
2024-01-05,1,Camarones,,,48.00,23.00
2024-01-05,2,Camarones,,,104.00,37.00
2024-01-05,3,Camarones,,,55.00,12.00
2024-01-05,4,Camarones,39.00,1.00,50.00,22.00
2024-01-05,5,Camarones,25.00,3.00,49.00,16.00
2024-01-05,6,Camarones,29.00,1.00,11.00,5.00
2024-01-05,7,Camarones,40.00,1.00,23.00,12.00
2024-01-05,8,Camarones,41.00,1.00,76.00,29.00
2024-01-05,9,Camarones,33.00,3.00,98.00,34.00
2024-01-05,10,Camarones,19.00,13.00,52.00,19.00
2024-01-05,11,Camarones,14.00,22.00,29.00,5.00
2024-01-05,12,Camarones,15.00,27.00,24.00,0.00
2024-01-05,13,Camarones,10.00,36.00,43.00,7.00
2024-01-05,14,Camarones,6.00,40.00,28.00,5.00
2024-01-05,15,Camarones,6.00,39.00,22.00,2.00
2024-01-05,16,Camarones,5.00,37.00,33.00,11.00
2024-01-05,17,Camarones,6.00,34.00,36.00,13.00
2024-01-05,18,Camarones,8.00,29.00,,
2024-01-05,19,Camarones,21.00,18.00,29.00,12.00
2024-01-05,20,Camarones,26.00,10.00,28.00,10.00
2024-01-05,21,Camarones,34.00,1.00,24.00,11.00
2024-01-05,22,Camarones,30.00,1.00,22.00,7.00
2024-01-05,23,Camarones,30.00,2.00,25.00,9.00
2024-01-05,24,Camarones,23.00,8.00,23.00,6.00
2024-01-06,1,Camarones,21.00,10.00,12.00,4.00
2024-01-06,2,Camarones,31.00,1.00,15.00,9.00
2024-01-06,3,Camarones,31.00,1.00,31.00,17.00
2024-01-06,4,Camarones,30.00,1.00,29.00,8.00
2024-01-06,5,Camarones,27.00,0.00,23.00,9.00
2024-01-06,6,Camarones,27.00,1.00,28.00,15.00
2024-01-06,7,Camarones,26.00,1.00,38.00,20.00
2024-01-06,8,Camarones,31.00,1.00,28.00,15.00
2024-01-06,9,Camarones,43.00,1.00,58.00,26.00
2024-01-06,10,Camarones,24.00,11.00,69.00,31.00
2024-01-06,11,Camarones,24.00,18.00,26.00,7.00
2024-01-06,12,Camarones,10.00,32.00,19.00,4.00
2024-01-06,13,Camarones,6.00,41.00,16.00,5.00
2024-01-06,14,Camarones,8.00,47.00,13.00,3.00
2024-01-06,15,Camarones,7.00,49.00,16.00,2.00
2024-01-06,16,Camarones,5.00,43.00,,
2024-01-06,17,Camarones,6.00,38.00,25.00,9.00
2024-01-06,18,Camarones,7.00,34.00,,
2024-01-06,19,Camarones,11.00,26.00,6.00,
2024-01-06,20,Camarones,21.00,11.00,13.00,1.00
2024-01-06,21,Camarones,22.00,9.00,19.00,7.00
2024-01-06,22,Camarones,22.00,7.00,19.00,5.00
2024-01-06,23,Camarones,22.00,6.00,19.00,6.00
2024-01-06,24,Camarones,25.00,4.00,17.00,6.00
2024-01-07,1,Camarones,25.00,3.00,23.00,10.00
2024-01-07,2,Camarones,27.00,1.00,17.00,7.00
2024-01-07,3,Camarones,24.00,5.00,19.00,10.00
2024-01-07,4,Camarones,23.00,6.00,14.00,7.00
2024-01-07,5,Camarones,25.00,5.00,10.00,2.00
2024-01-07,6,Camarones,24.00,7.00,13.00,6.00
2024-01-07,7,Camarones,30.00,2.00,8.00,2.00
2024-01-07,8,Camarones,31.00,1.00,15.00,9.00
2024-01-07,9,Camarones,32.00,2.00,27.00,8.00
2024-01-07,10,Camarones,39.00,4.00,33.00,11.00
2024-01-07,11,Camarones,38.00,12.00,45.00,18.00
2024-01-07,12,Camarones,50.00,23.00,35.00,15.00
2024-01-07,13,Camarones,53.00,36.00,49.00,30.00
2024-01-07,14,Camarones,38.00,49.00,57.00,34.00
2024-01-07,15,Camarones,40.00,51.00,54.00,38.00
2024-01-07,16,Camarones,35.00,56.00,37.00,20.00
2024-01-07,17,Camarones,12.00,25.00,56.00,34.00
2024-01-07,18,Camarones,14.00,20.00,23.00,8.00
2024-01-07,19,Camarones,24.00,9.00,16.00,8.00
2024-01-07,20,Camarones,16.00,7.00,18.00,10.00
2024-01-07,21,Camarones,12.00,11.00,8.00,3.00
2024-01-07,22,Camarones,16.00,7.00,5.00,1.00
2024-01-07,23,Camarones,38.00,1.00,10.00,5.00
2024-01-07,24,Camarones,40.00,1.00,31.00,15.00
2024-01-08,1,Camarones,37.00,1.00,43.00,23.00
2024-01-08,2,Camarones,35.00,0.00,55.00,26.00
2024-01-08,3,Camarones,29.00,1.00,44.00,24.00
2024-01-08,4,Camarones,23.00,4.00,20.00,7.00
2024-01-08,5,Camarones,12.00,15.00,21.00,11.00
2024-01-08,6,Camarones,21.00,6.00,9.00,3.00
2024-01-08,7,Camarones,27.00,1.00,23.00,11.00
2024-01-08,8,Camarones,28.00,1.00,41.00,16.00
2024-01-08,9,Camarones,29.00,3.00,60.00,21.00
2024-01-08,10,Camarones,15.00,15.00,80.00,19.00
2024-01-08,11,Camarones,12.00,23.00,23.00,6.00
2024-01-08,12,Camarones,9.00,30.00,21.00,4.00
2024-01-08,13,Camarones,9.00,31.00,12.00,1.00
2024-01-08,14,Camarones,6.00,31.00,12.00,1.00
2024-01-08,15,Camarones,5.00,29.00,17.00,8.00
2024-01-08,16,Camarones,6.00,26.00,11.00,0.00
2024-01-08,17,Camarones,8.00,22.00,21.00,8.00
2024-01-08,18,Camarones,10.00,17.00,31.00,13.00
2024-01-08,19,Camarones,10.00,15.00,21.00,7.00
2024-01-08,20,Camarones,14.00,8.00,15.00,6.00
2024-01-08,21,Camarones,19.00,3.00,12.00,5.00
2024-01-08,22,Camarones,18.00,4.00,14.00,7.00
2024-01-08,23,Camarones,15.00,6.00,12.00,5.00
2024-01-08,24,Camarones,9.00,14.00,11.00,6.00
2024-01-09,1,Camarones,6.00,20.00,10.00,5.00
2024-01-09,2,Camarones,4.00,25.00,3.00,
2024-01-09,3,Camarones,3.00,32.00,8.00,4.00
2024-01-09,4,Camarones,4.00,31.00,10.00,2.00
2024-01-09,5,Camarones,20.00,11.00,7.00,1.00
2024-01-09,6,Camarones,32.00,1.00,20.00,11.00
2024-01-09,7,Camarones,28.00,1.00,26.00,9.00
2024-01-09,8,Camarones,31.00,1.00,28.00,7.00
2024-01-09,9,Camarones,37.00,1.00,47.00,14.00
2024-01-09,10,Camarones,46.00,1.00,54.00,12.00
2024-01-09,11,Camarones,52.00,7.00,52.00,14.00
2024-01-09,12,Camarones,41.00,18.00,49.00,15.00
2024-01-09,13,Camarones,29.00,31.00,38.00,11.00
2024-01-09,14,Camarones,21.00,40.00,29.00,8.00
2024-01-09,15,Camarones,22.00,47.00,,
2024-01-09,16,Camarones,25.00,48.00,22.00,7.00
2024-01-09,17,Camarones,25.00,46.00,24.00,9.00
2024-01-09,18,Camarones,20.00,35.00,,
2024-01-09,19,Camarones,40.00,12.00,2.00,
2024-01-09,20,Camarones,54.00,2.00,27.00,8.00
2024-01-09,21,Camarones,55.00,2.00,44.00,19.00
2024-01-09,22,Camarones,55.00,1.00,48.00,22.00
2024-01-09,23,Camarones,54.00,1.00,56.00,23.00
2024-01-09,24,Camarones,49.00,1.00,64.00,26.00
2024-01-10,1,Camarones,50.00,1.00,65.00,24.00
2024-01-10,2,Camarones,56.00,1.00,68.00,30.00
2024-01-10,3,Camarones,51.00,1.00,146.00,45.00
2024-01-10,4,Camarones,41.00,1.00,88.00,35.00
2024-01-10,5,Camarones,41.00,1.00,34.00,13.00
2024-01-10,6,Camarones,45.00,1.00,36.00,13.00
2024-01-10,7,Camarones,45.00,1.00,62.00,25.00
2024-01-10,8,Camarones,43.00,1.00,78.00,39.00
2024-01-10,9,Camarones,45.00,1.00,46.00,13.00
2024-01-10,10,Camarones,36.00,9.00,52.00,15.00
2024-01-10,11,Camarones,24.00,23.00,42.00,8.00
2024-01-10,12,Camarones,10.00,35.00,32.00,7.00
2024-01-10,13,Camarones,7.00,40.00,20.00,4.00
2024-01-10,14,Camarones,10.00,46.00,20.00,0.00
2024-01-10,15,Camarones,13.00,44.00,34.00,12.00
2024-01-10,16,Camarones,14.00,37.00,32.00,9.00
2024-01-10,17,Camarones,11.00,40.00,28.00,4.00
2024-01-10,18,Camarones,14.00,31.00,,
2024-01-10,19,Camarones,18.00,25.00,18.00,
2024-01-10,20,Camarones,15.00,26.00,12.00,
2024-01-10,21,Camarones,28.00,11.00,27.00,7.00
2024-01-10,22,Camarones,30.00,9.00,19.00,7.00
2024-01-10,23,Camarones,22.00,17.00,14.00,6.00
2024-01-10,24,Camarones,,,13.00,6.00
2024-01-11,1,Camarones,,,13.00,4.00
2024-01-11,2,Camarones,,,32.00,15.00
2024-01-11,3,Camarones,,,43.00,14.00
2024-01-11,4,Camarones,38.00,1.00,56.00,22.00
2024-01-11,5,Camarones,41.00,1.00,37.00,8.00
2024-01-11,6,Camarones,34.00,1.00,41.00,12.00
2024-01-11,7,Camarones,37.00,1.00,52.00,22.00
2024-01-11,8,Camarones,36.00,1.00,61.00,24.00
2024-01-11,9,Camarones,50.00,2.00,83.00,31.00
2024-01-11,10,Camarones,76.00,1.00,129.00,43.00
2024-01-11,11,Camarones,106.00,2.00,125.00,38.00
2024-01-11,12,Camarones,136.00,5.00,129.00,46.00
2024-01-11,13,Camarones,116.00,20.00,152.00,67.00
2024-01-11,14,Camarones,56.00,44.00,118.00,54.00
2024-01-11,15,Camarones,12.00,54.00,61.00,31.00
2024-01-11,16,Camarones,13.00,61.00,37.00,8.00
2024-01-11,17,Camarones,12.00,56.00,42.00,18.00
2024-01-11,18,Camarones,12.00,42.00,37.00,8.00
2024-01-11,19,Camarones,13.00,33.00,19.00,
2024-01-11,20,Camarones,39.00,14.00,32.00,16.00
2024-01-11,21,Camarones,59.00,3.00,33.00,6.00
2024-01-11,22,Camarones,60.00,1.00,52.00,20.00
2024-01-11,23,Camarones,57.00,1.00,53.00,22.00
2024-01-11,24,Camarones,55.00,1.00,53.00,24.00
2024-01-12,1,Camarones,59.00,1.00,50.00,20.00
2024-01-12,2,Camarones,50.00,1.00,75.00,34.00
2024-01-12,3,Camarones,52.00,1.00,65.00,26.00
2024-01-12,4,Camarones,41.00,1.00,82.00,34.00
2024-01-12,5,Camarones,42.00,1.00,48.00,22.00
2024-01-12,6,Camarones,41.00,1.00,46.00,18.00
2024-01-12,7,Camarones,37.00,1.00,61.00,25.00
2024-01-12,8,Camarones,47.00,2.00,45.00,17.00
2024-01-12,9,Camarones,57.00,1.00,84.00,30.00
2024-01-12,10,Camarones,58.00,3.00,101.00,36.00
2024-01-12,11,Camarones,68.00,8.00,63.00,25.00
2024-01-12,12,Camarones,73.00,26.00,78.00,29.00
2024-01-12,13,Camarones,55.00,45.00,76.00,39.00
2024-01-12,14,Camarones,40.00,65.00,60.00,35.00
2024-01-12,15,Camarones,42.00,83.00,52.00,24.00
2024-01-12,16,Camarones,38.00,95.00,46.00,20.00
2024-01-12,17,Camarones,32.00,66.00,52.00,32.00
2024-01-12,18,Camarones,37.00,28.00,45.00,18.00
2024-01-12,19,Camarones,52.00,15.00,44.00,10.00
2024-01-12,20,Camarones,62.00,4.00,78.00,27.00
2024-01-12,21,Camarones,66.00,1.00,63.00,26.00
2024-01-12,22,Camarones,70.00,1.00,65.00,23.00
2024-01-12,23,Camarones,68.00,1.00,86.00,39.00
2024-01-12,24,Camarones,62.00,1.00,92.00,39.00
2024-01-13,1,Camarones,51.00,1.00,89.00,37.00
2024-01-13,2,Camarones,49.00,1.00,83.00,34.00
2024-01-13,3,Camarones,46.00,1.00,84.00,34.00
2024-01-13,4,Camarones,46.00,1.00,69.00,31.00
2024-01-13,5,Camarones,53.00,1.00,72.00,34.00
2024-01-13,6,Camarones,41.00,1.00,94.00,45.00
2024-01-13,7,Camarones,43.00,1.00,67.00,34.00
2024-01-13,8,Camarones,37.00,1.00,76.00,37.00
2024-01-13,9,Camarones,61.00,2.00,68.00,30.00
2024-01-13,10,Camarones,55.00,3.00,114.00,40.00
2024-01-13,11,Camarones,46.00,12.00,56.00,22.00
2024-01-13,12,Camarones,30.00,25.00,45.00,17.00
2024-01-13,13,Camarones,32.00,27.00,19.00,3.00
2024-01-13,14,Camarones,20.00,35.00,36.00,22.00
2024-01-13,15,Camarones,18.00,39.00,28.00,16.00
2024-01-13,16,Camarones,11.00,35.00,18.00,5.00
2024-01-13,17,Camarones,10.00,40.00,31.00,12.00
2024-01-13,18,Camarones,12.00,31.00,24.00,10.00
2024-01-13,19,Camarones,20.00,15.00,9.00,
2024-01-13,20,Camarones,26.00,6.00,24.00,4.00
2024-01-13,21,Camarones,28.00,4.00,20.00,5.00
2024-01-13,22,Camarones,29.00,2.00,21.00,6.00
2024-01-13,23,Camarones,31.00,1.00,36.00,17.00
2024-01-13,24,Camarones,31.00,1.00,53.00,27.00
2024-01-14,1,Camarones,31.00,1.00,42.00,16.00
2024-01-14,2,Camarones,27.00,1.00,48.00,21.00
2024-01-14,3,Camarones,24.00,1.00,46.00,19.00
2024-01-14,4,Camarones,21.00,1.00,35.00,16.00
2024-01-14,5,Camarones,23.00,1.00,35.00,16.00
2024-01-14,6,Camarones,26.00,1.00,37.00,14.00
2024-01-14,7,Camarones,22.00,1.00,56.00,21.00
2024-01-14,8,Camarones,23.00,1.00,33.00,12.00
2024-01-14,9,Camarones,38.00,1.00,40.00,18.00
2024-01-14,10,Camarones,76.00,2.00,34.00,10.00
2024-01-14,11,Camarones,70.00,16.00,70.00,35.00
2024-01-14,12,Camarones,50.00,38.00,56.00,32.00
2024-01-14,13,Camarones,32.00,43.00,56.00,33.00
2024-01-14,14,Camarones,31.00,52.00,42.00,28.00
2024-01-14,15,Camarones,22.00,61.00,26.00,7.00
2024-01-14,16,Camarones,22.00,49.00,25.00,9.00
2024-01-14,17,Camarones,18.00,51.00,27.00,17.00
2024-01-14,18,Camarones,22.00,48.00,20.00,3.00
2024-01-14,19,Camarones,35.00,22.00,19.00,5.00
2024-01-14,20,Camarones,20.00,32.00,22.00,3.00
2024-01-14,21,Camarones,18.00,31.00,27.00,10.00
2024-01-14,22,Camarones,25.00,19.00,17.00,5.00
2024-01-14,23,Camarones,47.00,1.00,22.00,9.00
2024-01-14,24,Camarones,50.00,1.00,47.00,23.00
2024-01-15,1,Camarones,50.00,1.00,58.00,30.00
2024-01-15,2,Camarones,45.00,1.00,56.00,25.00
2024-01-15,3,Camarones,39.00,0.00,51.00,21.00
2024-01-15,4,Camarones,36.00,1.00,41.00,19.00
2024-01-15,5,Camarones,37.00,1.00,30.00,14.00
2024-01-15,6,Camarones,47.00,2.00,34.00,14.00
2024-01-15,7,Camarones,42.00,1.00,65.00,19.00
2024-01-15,8,Camarones,42.00,1.00,75.00,28.00
2024-01-15,9,Camarones,49.00,1.00,121.00,43.00
2024-01-15,10,Camarones,70.00,2.00,80.00,31.00
2024-01-15,11,Camarones,66.00,8.00,95.00,37.00
2024-01-15,12,Camarones,,,74.00,33.00
2024-01-15,13,Camarones,,,,
2024-01-15,14,Camarones,,,,
2024-01-15,15,Camarones,,,,
2024-01-15,16,Camarones,21.00,55.00,,
2024-01-15,17,Camarones,29.00,62.00,23.00,8.00
2024-01-15,18,Camarones,26.00,60.00,,
2024-01-15,19,Camarones,58.00,11.00,34.00,16.00
2024-01-15,20,Camarones,67.00,8.00,30.00,4.00
2024-01-15,21,Camarones,69.00,2.00,38.00,9.00
2024-01-15,22,Camarones,61.00,1.00,57.00,23.00
2024-01-15,23,Camarones,59.00,2.00,45.00,16.00
2024-01-15,24,Camarones,48.00,1.00,68.00,27.00
2024-01-16,1,Camarones,45.00,1.00,50.00,23.00
2024-01-16,2,Camarones,42.00,2.00,34.00,16.00
2024-01-16,3,Camarones,40.00,2.00,29.00,13.00
2024-01-16,4,Camarones,39.00,2.00,36.00,20.00
2024-01-16,5,Camarones,39.00,2.00,42.00,24.00
2024-01-16,6,Camarones,46.00,2.00,46.00,23.00
2024-01-16,7,Camarones,55.00,2.00,69.00,31.00
2024-01-16,8,Camarones,52.00,2.00,111.00,47.00
2024-01-16,9,Camarones,65.00,2.00,140.00,42.00
2024-01-16,10,Camarones,90.00,3.00,139.00,50.00
2024-01-16,11,Camarones,101.00,13.00,103.00,46.00
2024-01-16,12,Camarones,99.00,35.00,113.00,51.00
2024-01-16,13,Camarones,34.00,59.00,98.00,54.00
2024-01-16,14,Camarones,23.00,63.00,42.00,25.00
2024-01-16,15,Camarones,21.00,72.00,28.00,12.00
2024-01-16,16,Camarones,24.00,81.00,24.00,12.00
2024-01-16,17,Camarones,26.00,94.00,37.00,23.00
2024-01-16,18,Camarones,26.00,66.00,36.00,21.00
2024-01-16,19,Camarones,33.00,40.00,41.00,15.00
2024-01-16,20,Camarones,31.00,32.00,20.00,
2024-01-16,21,Camarones,49.00,16.00,22.00,4.00
2024-01-16,22,Camarones,70.00,2.00,48.00,28.00
2024-01-16,23,Camarones,70.00,2.00,53.00,23.00
2024-01-16,24,Camarones,,,87.00,37.00
2024-01-17,1,Camarones,,,99.00,41.00
2024-01-17,2,Camarones,,,46.00,17.00
2024-01-17,3,Camarones,,,59.00,27.00
2024-01-17,4,Camarones,34.00,7.00,35.00,15.00
2024-01-17,5,Camarones,45.00,2.00,37.00,22.00
2024-01-17,6,Camarones,50.00,2.00,52.00,31.00
2024-01-17,7,Camarones,58.00,2.00,63.00,30.00
2024-01-17,8,Camarones,51.00,2.00,96.00,41.00
2024-01-17,9,Camarones,57.00,2.00,103.00,41.00
2024-01-17,10,Camarones,77.00,3.00,85.00,31.00
2024-01-17,11,Camarones,84.00,9.00,79.00,38.00
2024-01-17,12,Camarones,90.00,29.00,76.00,38.00
2024-01-17,13,Camarones,40.00,56.00,82.00,44.00
2024-01-17,14,Camarones,37.00,74.00,56.00,34.00
2024-01-17,15,Camarones,46.00,83.00,45.00,25.00
2024-01-17,16,Camarones,39.00,100.00,91.00,51.00
2024-01-17,17,Camarones,34.00,102.00,69.00,37.00
2024-01-17,18,Camarones,33.00,70.00,67.00,39.00
2024-01-17,20,Camarones,51.00,33.00,60.00,23.00
2024-01-17,21,Camarones,70.00,14.00,69.00,34.00
2024-01-17,22,Camarones,53.00,25.00,51.00,19.00
2024-01-17,23,Camarones,68.00,6.00,52.00,26.00
2024-01-17,24,Camarones,68.00,2.00,59.00,30.00
2024-01-18,1,Camarones,56.00,2.00,62.00,25.00
2024-01-18,2,Camarones,50.00,2.00,65.00,35.00
2024-01-18,3,Camarones,38.00,10.00,37.00,18.00
2024-01-18,4,Camarones,37.00,7.00,35.00,17.00
2024-01-18,5,Camarones,40.00,5.00,37.00,20.00
2024-01-18,6,Camarones,57.00,2.00,30.00,14.00
2024-01-18,7,Camarones,58.00,3.00,55.00,27.00
2024-01-18,8,Camarones,55.00,3.00,84.00,40.00
2024-01-18,9,Camarones,48.00,2.00,114.00,41.00
2024-01-18,10,Camarones,70.00,3.00,71.00,24.00
2024-01-18,11,Camarones,110.00,7.00,80.00,29.00
2024-01-18,12,Camarones,85.00,28.00,113.00,62.00
2024-01-18,13,Camarones,51.00,34.00,78.00,44.00
2024-01-18,14,Camarones,37.00,51.00,61.00,43.00
2024-01-18,15,Camarones,29.00,64.00,34.00,11.00
2024-01-18,16,Camarones,25.00,81.00,39.00,13.00
2024-01-18,17,Camarones,32.00,81.00,51.00,28.00
2024-01-18,18,Camarones,32.00,86.00,47.00,27.00
2024-01-18,19,Camarones,70.00,34.00,44.00,27.00
2024-01-18,20,Camarones,70.00,5.00,68.00,39.00
2024-01-18,21,Camarones,75.00,2.00,76.00,29.00
2024-01-18,22,Camarones,59.00,2.00,68.00,18.00
2024-01-18,23,Camarones,52.00,2.00,70.00,26.00
2024-01-18,24,Camarones,48.00,2.00,65.00,20.00
2024-01-19,1,Camarones,44.00,2.00,50.00,19.00
2024-01-19,2,Camarones,45.00,2.00,33.00,11.00
2024-01-19,3,Camarones,40.00,4.00,36.00,17.00
2024-01-19,4,Camarones,34.00,8.00,34.00,19.00
2024-01-19,5,Camarones,37.00,3.00,31.00,16.00
2024-01-19,6,Camarones,40.00,3.00,26.00,13.00
2024-01-19,7,Camarones,46.00,2.00,36.00,19.00
2024-01-19,8,Camarones,51.00,2.00,49.00,23.00
2024-01-19,9,Camarones,,,,
2024-01-19,10,Camarones,,,,
2024-01-19,11,Camarones,,,,
2024-01-19,12,Camarones,,,,
2024-01-19,13,Camarones,,,,
2024-01-19,14,Camarones,57.00,28.00,,
2024-01-19,15,Camarones,33.00,38.00,60.00,26.00
2024-01-19,16,Camarones,27.00,46.00,53.00,21.00
2024-01-19,17,Camarones,30.00,39.00,48.00,18.00
2024-01-19,18,Camarones,40.00,22.00,64.00,23.00
2024-01-19,19,Camarones,49.00,9.00,63.00,12.00
2024-01-19,20,Camarones,42.00,11.00,73.00,19.00
2024-01-19,21,Camarones,36.00,12.00,49.00,8.00
2024-01-19,22,Camarones,25.00,21.00,59.00,10.00
2024-01-19,23,Camarones,32.00,12.00,58.00,7.00
2024-01-19,24,Camarones,26.00,16.00,60.00,12.00
2024-01-20,1,Camarones,34.00,7.00,33.00,6.00
2024-01-20,2,Camarones,34.00,7.00,40.00,15.00
2024-01-20,3,Camarones,36.00,5.00,47.00,21.00
2024-01-20,4,Camarones,27.00,13.00,46.00,20.00
2024-01-20,5,Camarones,19.00,20.00,32.00,16.00
2024-01-20,6,Camarones,30.00,10.00,26.00,15.00
2024-01-20,7,Camarones,39.00,3.00,34.00,21.00
2024-01-20,8,Camarones,38.00,3.00,32.00,13.00
2024-01-20,9,Camarones,34.00,7.00,36.00,17.00
2024-01-20,10,Camarones,26.00,17.00,29.00,12.00
2024-01-20,11,Camarones,24.00,21.00,27.00,10.00
2024-01-20,12,Camarones,28.00,21.00,29.00,13.00
2024-01-20,13,Camarones,27.00,28.00,24.00,7.00
2024-01-20,14,Camarones,29.00,40.00,35.00,14.00
2024-01-20,15,Camarones,28.00,48.00,41.00,18.00
2024-01-20,16,Camarones,23.00,44.00,59.00,30.00
2024-01-20,17,Camarones,30.00,29.00,51.00,16.00
2024-01-20,18,Camarones,26.00,31.00,76.00,28.00
2024-01-20,19,Camarones,22.00,23.00,68.00,20.00
2024-01-20,20,Camarones,22.00,18.00,49.00,17.00
2024-01-20,21,Camarones,29.00,8.00,18.00,2.00
2024-01-20,22,Camarones,35.00,3.00,29.00,8.00
2024-01-20,23,Camarones,34.00,3.00,38.00,14.00
2024-01-20,24,Camarones,36.00,2.00,38.00,15.00
2024-01-21,1,Camarones,36.00,1.00,30.00,11.00
2024-01-21,2,Camarones,36.00,1.00,34.00,15.00
2024-01-21,3,Camarones,35.00,1.00,31.00,13.00
2024-01-21,4,Camarones,34.00,1.00,28.00,12.00
2024-01-21,5,Camarones,34.00,1.00,26.00,10.00
2024-01-21,6,Camarones,32.00,1.00,26.00,11.00
2024-01-21,7,Camarones,33.00,1.00,25.00,13.00
2024-01-21,8,Camarones,32.00,1.00,28.00,15.00
2024-01-21,9,Camarones,37.00,2.00,42.00,21.00
2024-01-21,10,Camarones,49.00,6.00,43.00,18.00
2024-01-21,11,Camarones,48.00,24.00,46.00,23.00
2024-01-21,12,Camarones,32.00,45.00,52.00,31.00
2024-01-21,13,Camarones,26.00,45.00,44.00,25.00
2024-01-21,14,Camarones,27.00,33.00,40.00,20.00
2024-01-21,15,Camarones,25.00,45.00,36.00,20.00
2024-01-21,16,Camarones,23.00,45.00,33.00,25.00
2024-01-21,17,Camarones,28.00,51.00,26.00,18.00
2024-01-21,18,Camarones,27.00,50.00,38.00,28.00
2024-01-21,19,Camarones,45.00,26.00,37.00,25.00
2024-01-21,20,Camarones,62.00,2.00,45.00,32.00
2024-01-21,21,Camarones,56.00,2.00,51.00,36.00
2024-01-21,22,Camarones,44.00,2.00,55.00,37.00
2024-01-21,23,Camarones,45.00,2.00,41.00,26.00
2024-01-21,24,Camarones,38.00,4.00,51.00,30.00
2024-01-22,1,Camarones,34.00,8.00,47.00,25.00
2024-01-22,2,Camarones,33.00,7.00,34.00,19.00
2024-01-22,3,Camarones,34.00,2.00,32.00,18.00
2024-01-22,4,Camarones,31.00,1.00,30.00,18.00
2024-01-22,5,Camarones,31.00,2.00,36.00,24.00
2024-01-22,6,Camarones,32.00,2.00,29.00,16.00
2024-01-22,7,Camarones,29.00,2.00,49.00,33.00
2024-01-22,8,Camarones,35.00,2.00,57.00,34.00
2024-01-22,9,Camarones,44.00,2.00,81.00,46.00
2024-01-22,10,Camarones,58.00,4.00,71.00,38.00
2024-01-22,11,Camarones,59.00,12.00,64.00,38.00
2024-01-22,12,Camarones,36.00,30.00,63.00,37.00
2024-01-22,13,Camarones,38.00,36.00,31.00,21.00
2024-01-22,14,Camarones,31.00,51.00,31.00,19.00
2024-01-22,15,Camarones,20.00,60.00,25.00,15.00
2024-01-22,16,Camarones,18.00,62.00,15.00,5.00
2024-01-22,17,Camarones,20.00,64.00,18.00,8.00
2024-01-22,18,Camarones,22.00,50.00,47.00,35.00
2024-01-22,19,Camarones,29.00,23.00,42.00,27.00
2024-01-22,20,Camarones,21.00,25.00,37.00,21.00
2024-01-22,21,Camarones,21.00,23.00,22.00,10.00
2024-01-22,22,Camarones,23.00,19.00,22.00,13.00
2024-01-22,23,Camarones,42.00,2.00,24.00,14.00
2024-01-22,24,Camarones,,,28.00,15.00
2024-01-23,1,Camarones,,,37.00,19.00
2024-01-23,2,Camarones,,,40.00,22.00
2024-01-23,3,Camarones,,,27.00,14.00
2024-01-23,4,Camarones,31.00,2.00,34.00,19.00
2024-01-23,5,Camarones,36.00,2.00,32.00,16.00
2024-01-23,6,Camarones,32.00,2.00,45.00,26.00
2024-01-23,7,Camarones,37.00,2.00,42.00,23.00
2024-01-23,8,Camarones,31.00,2.00,41.00,17.00
2024-01-23,9,Camarones,44.00,2.00,49.00,25.00
2024-01-23,10,Camarones,66.00,5.00,70.00,35.00
2024-01-23,11,Camarones,70.00,15.00,65.00,34.00
2024-01-23,12,Camarones,33.00,37.00,59.00,36.00
2024-01-23,13,Camarones,29.00,51.00,39.00,25.00
2024-01-23,14,Camarones,16.00,67.00,34.00,21.00
2024-01-23,15,Camarones,16.00,70.00,19.00,10.00
2024-01-23,16,Camarones,17.00,54.00,14.00,1.00
2024-01-23,17,Camarones,18.00,56.00,33.00,11.00
2024-01-23,18,Camarones,21.00,47.00,23.00,9.00
2024-01-23,19,Camarones,15.00,41.00,38.00,20.00
2024-01-23,20,Camarones,13.00,35.00,34.00,16.00
2024-01-23,21,Camarones,25.00,21.00,32.00,19.00
2024-01-23,22,Camarones,39.00,12.00,20.00,9.00
2024-01-23,23,Camarones,35.00,11.00,27.00,13.00
2024-01-23,24,Camarones,28.00,16.00,26.00,12.00
2024-01-24,1,Camarones,41.00,2.00,24.00,11.00
2024-01-24,2,Camarones,39.00,2.00,46.00,26.00
2024-01-24,3,Camarones,37.00,2.00,37.00,20.00
2024-01-24,4,Camarones,43.00,2.00,37.00,20.00
2024-01-24,5,Camarones,50.00,2.00,28.00,14.00
2024-01-24,6,Camarones,43.00,2.00,36.00,17.00
2024-01-24,7,Camarones,34.00,2.00,60.00,31.00
2024-01-24,8,Camarones,33.00,2.00,34.00,12.00
2024-01-24,9,Camarones,44.00,2.00,60.00,28.00
2024-01-24,10,Camarones,49.00,10.00,80.00,33.00
2024-01-24,11,Camarones,46.00,21.00,53.00,29.00
2024-01-24,12,Camarones,31.00,34.00,37.00,20.00
2024-01-24,13,Camarones,13.00,40.00,35.00,17.00
2024-01-24,14,Camarones,9.00,43.00,16.00,2.00
2024-01-24,15,Camarones,11.00,47.00,38.00,15.00
2024-01-24,16,Camarones,12.00,46.00,40.00,14.00
2024-01-24,17,Camarones,13.00,42.00,26.00,6.00
2024-01-24,18,Camarones,15.00,36.00,,
2024-01-24,19,Camarones,16.00,33.00,18.00,6.00
2024-01-24,20,Camarones,23.00,24.00,27.00,15.00
2024-01-24,21,Camarones,31.00,17.00,22.00,11.00
2024-01-24,22,Camarones,32.00,14.00,24.00,11.00
2024-01-24,23,Camarones,34.00,9.00,19.00,8.00
2024-01-24,24,Camarones,43.00,2.00,22.00,11.00
2024-01-25,1,Camarones,35.00,2.00,53.00,34.00
2024-01-25,2,Camarones,33.00,2.00,35.00,17.00
2024-01-25,3,Camarones,33.00,2.00,26.00,12.00
2024-01-25,4,Camarones,30.00,2.00,33.00,19.00
2024-01-25,5,Camarones,31.00,2.00,27.00,14.00
2024-01-25,6,Camarones,35.00,2.00,34.00,16.00
2024-01-25,7,Camarones,31.00,2.00,63.00,36.00
2024-01-25,8,Camarones,40.00,2.00,40.00,17.00
2024-01-25,9,Camarones,39.00,2.00,76.00,23.00
2024-01-25,10,Camarones,53.00,5.00,61.00,17.00
2024-01-25,11,Camarones,69.00,12.00,59.00,22.00
2024-01-25,12,Camarones,48.00,33.00,75.00,34.00
2024-01-25,13,Camarones,29.00,44.00,52.00,31.00
2024-01-25,14,Camarones,31.00,58.00,29.00,15.00
2024-01-25,15,Camarones,11.00,50.00,42.00,27.00
2024-01-25,16,Camarones,7.00,45.00,33.00,18.00
2024-01-25,17,Camarones,7.00,38.00,28.00,5.00
2024-01-25,18,Camarones,9.00,30.00,31.00,7.00
2024-01-25,19,Camarones,13.00,23.00,19.00,0.00
2024-01-25,20,Camarones,25.00,8.00,24.00,11.00
2024-01-25,21,Camarones,30.00,3.00,21.00,10.00
2024-01-25,22,Camarones,30.00,2.00,13.00,
2024-01-25,23,Camarones,30.00,2.00,30.00,13.00
2024-01-25,24,Camarones,32.00,2.00,32.00,13.00
2024-01-26,1,Camarones,30.00,2.00,50.00,23.00
2024-01-26,2,Camarones,29.00,1.00,47.00,24.00
2024-01-26,3,Camarones,27.00,2.00,44.00,23.00
2024-01-26,4,Camarones,30.00,1.00,41.00,23.00
2024-01-26,5,Camarones,38.00,2.00,31.00,19.00
2024-01-26,6,Camarones,28.00,2.00,27.00,12.00
2024-01-26,7,Camarones,26.00,2.00,45.00,26.00
2024-01-26,8,Camarones,32.00,2.00,34.00,9.00
2024-01-26,9,Camarones,41.00,2.00,85.00,34.00
2024-01-26,10,Camarones,60.00,4.00,57.00,19.00
2024-01-26,11,Camarones,49.00,13.00,50.00,22.00
2024-01-26,12,Camarones,34.00,25.00,40.00,18.00
2024-01-26,13,Camarones,22.00,39.00,22.00,12.00
2024-01-26,14,Camarones,8.00,46.00,15.00,2.00
2024-01-26,15,Camarones,6.00,42.00,27.00,10.00
2024-01-26,16,Camarones,6.00,41.00,16.00,0.00
2024-01-26,17,Camarones,7.00,38.00,33.00,7.00
2024-01-26,18,Camarones,8.00,34.00,29.00,4.00
2024-01-26,19,Camarones,16.00,22.00,24.00,5.00
2024-01-26,20,Camarones,17.00,18.00,32.00,15.00
2024-01-26,21,Camarones,17.00,17.00,26.00,13.00
2024-01-26,22,Camarones,23.00,10.00,12.00,
2024-01-26,23,Camarones,21.00,11.00,17.00,8.00
2024-01-26,24,Camarones,30.00,3.00,14.00,7.00
2024-01-27,1,Camarones,32.00,2.00,30.00,16.00
2024-01-27,2,Camarones,31.00,2.00,43.00,19.00
2024-01-27,3,Camarones,30.00,2.00,44.00,20.00
2024-01-27,4,Camarones,31.00,2.00,44.00,20.00
2024-01-27,5,Camarones,35.00,2.00,50.00,29.00
2024-01-27,6,Camarones,35.00,2.00,19.00,3.00
2024-01-27,7,Camarones,35.00,2.00,28.00,12.00
2024-01-27,8,Camarones,32.00,2.00,59.00,31.00
2024-01-27,9,Camarones,32.00,3.00,78.00,35.00
2024-01-27,10,Camarones,43.00,6.00,53.00,24.00
2024-01-27,11,Camarones,57.00,13.00,46.00,21.00
2024-01-27,12,Camarones,61.00,31.00,50.00,25.00
2024-01-27,13,Camarones,45.00,54.00,53.00,31.00
2024-01-27,14,Camarones,27.00,58.00,48.00,29.00
2024-01-27,15,Camarones,17.00,66.00,37.00,24.00
2024-01-27,16,Camarones,17.00,81.00,32.00,21.00
2024-01-27,17,Camarones,15.00,87.00,25.00,13.00
2024-01-27,18,Camarones,18.00,85.00,35.00,22.00
2024-01-27,19,Camarones,29.00,46.00,29.00,18.00
2024-01-27,20,Camarones,22.00,29.00,64.00,16.00
2024-01-27,21,Camarones,31.00,15.00,47.00,13.00
2024-01-27,22,Camarones,29.00,14.00,59.00,26.00
2024-01-27,23,Camarones,35.00,6.00,56.00,24.00
2024-01-27,24,Camarones,19.00,18.00,53.00,27.00
2024-01-28,1,Camarones,26.00,8.00,41.00,20.00
2024-01-28,2,Camarones,25.00,7.00,43.00,24.00
2024-01-28,3,Camarones,25.00,6.00,39.00,26.00
2024-01-28,4,Camarones,21.00,7.00,40.00,28.00
2024-01-28,5,Camarones,24.00,5.00,38.00,27.00
2024-01-28,6,Camarones,18.00,8.00,46.00,34.00
2024-01-28,7,Camarones,21.00,6.00,29.00,20.00
2024-01-28,8,Camarones,22.00,7.00,42.00,30.00
2024-01-28,9,Camarones,17.00,13.00,40.00,27.00
2024-01-28,10,Camarones,22.00,10.00,45.00,31.00
2024-01-28,11,Camarones,24.00,11.00,58.00,42.00
2024-01-28,12,Camarones,25.00,17.00,76.00,54.00
2024-01-28,13,Camarones,26.00,31.00,84.00,59.00
2024-01-28,14,Camarones,27.00,47.00,87.00,60.00
2024-01-28,15,Camarones,23.00,65.00,81.00,54.00
2024-01-28,16,Camarones,20.00,68.00,86.00,59.00
2024-01-28,17,Camarones,14.00,72.00,79.00,49.00
2024-01-28,18,Camarones,19.00,68.00,41.00,18.00
2024-01-28,19,Camarones,24.00,51.00,55.00,33.00
2024-01-28,20,Camarones,24.00,31.00,66.00,36.00
2024-01-28,21,Camarones,32.00,14.00,34.00,7.00
2024-01-28,22,Camarones,30.00,17.00,40.00,9.00
2024-01-28,23,Camarones,31.00,12.00,38.00,15.00
2024-01-28,24,Camarones,,,31.00,12.00
2024-01-29,1,Camarones,,,37.00,19.00
2024-01-29,2,Camarones,,,39.00,17.00
2024-01-29,3,Camarones,,,43.00,24.00
2024-01-29,4,Camarones,30.00,3.00,47.00,27.00
2024-01-29,5,Camarones,27.00,2.00,52.00,38.00
2024-01-29,6,Camarones,28.00,2.00,66.00,48.00
2024-01-29,7,Camarones,28.00,2.00,74.00,58.00
2024-01-29,8,Camarones,30.00,2.00,59.00,46.00
2024-01-29,9,Camarones,32.00,3.00,65.00,42.00
2024-01-29,10,Camarones,43.00,6.00,64.00,40.00
2024-01-29,11,Camarones,56.00,16.00,68.00,41.00
2024-01-29,12,Camarones,43.00,38.00,85.00,53.00
2024-01-29,13,Camarones,38.00,57.00,62.00,38.00
2024-01-29,14,Camarones,34.00,62.00,52.00,34.00
2024-01-29,15,Camarones,20.00,53.00,51.00,30.00
2024-01-29,16,Camarones,27.00,50.00,39.00,21.00
2024-01-29,17,Camarones,34.00,44.00,42.00,22.00
2024-01-29,18,Camarones,37.00,43.00,46.00,17.00
2024-01-29,19,Camarones,44.00,21.00,54.00,20.00
2024-01-29,20,Camarones,35.00,13.00,68.00,21.00
2024-01-29,21,Camarones,37.00,7.00,55.00,12.00
2024-01-29,22,Camarones,34.00,9.00,48.00,14.00
2024-01-29,23,Camarones,34.00,8.00,37.00,12.00
2024-01-29,24,Camarones,28.00,11.00,27.00,7.00
2024-01-30,1,Camarones,24.00,17.00,29.00,13.00
2024-01-30,2,Camarones,31.00,9.00,22.00,9.00
2024-01-30,3,Camarones,37.00,3.00,27.00,15.00
2024-01-30,4,Camarones,22.00,15.00,37.00,21.00
2024-01-30,5,Camarones,27.00,7.00,17.00,7.00
2024-01-30,6,Camarones,34.00,2.00,22.00,12.00
2024-01-30,7,Camarones,38.00,2.00,44.00,27.00
2024-01-30,8,Camarones,34.00,2.00,60.00,32.00
2024-01-30,9,Camarones,36.00,3.00,53.00,22.00
2024-01-30,10,Camarones,43.00,5.00,50.00,18.00
2024-01-30,11,Camarones,44.00,13.00,58.00,29.00
2024-01-30,12,Camarones,45.00,24.00,44.00,22.00
2024-01-30,13,Camarones,42.00,24.00,41.00,21.00
2024-01-30,14,Camarones,22.00,37.00,44.00,22.00
2024-01-30,15,Camarones,27.00,31.00,40.00,16.00
2024-01-30,16,Camarones,32.00,35.00,54.00,26.00
2024-01-30,17,Camarones,31.00,16.00,48.00,21.00
2024-01-30,18,Camarones,32.00,17.00,41.00,15.00
2024-01-30,19,Camarones,34.00,14.00,34.00,6.00
2024-01-30,20,Camarones,42.00,5.00,33.00,5.00
2024-01-30,21,Camarones,43.00,3.00,46.00,12.00
2024-01-30,22,Camarones,40.00,4.00,41.00,14.00
2024-01-30,23,Camarones,42.00,3.00,29.00,12.00
2024-01-30,24,Camarones,41.00,2.00,39.00,20.00
2024-01-31,1,Camarones,42.00,2.00,47.00,21.00
2024-01-31,2,Camarones,41.00,2.00,54.00,22.00
2024-01-31,3,Camarones,36.00,2.00,48.00,18.00
2024-01-31,4,Camarones,36.00,2.00,43.00,22.00
2024-01-31,5,Camarones,36.00,2.00,40.00,18.00
2024-01-31,6,Camarones,37.00,2.00,41.00,18.00
2024-01-31,7,Camarones,38.00,2.00,61.00,26.00
2024-01-31,8,Camarones,34.00,3.00,75.00,37.00
2024-01-31,9,Camarones,35.00,4.00,64.00,30.00
2024-01-31,10,Camarones,44.00,5.00,47.00,20.00
2024-01-31,11,Camarones,56.00,7.00,67.00,32.00
2024-01-31,12,Camarones,56.00,17.00,70.00,35.00
2024-01-31,13,Camarones,58.00,31.00,68.00,34.00
2024-01-31,14,Camarones,55.00,52.00,55.00,30.00
2024-01-31,15,Camarones,49.00,67.00,70.00,40.00
2024-01-31,16,Camarones,42.00,62.00,68.00,40.00
2024-01-31,17,Camarones,38.00,65.00,45.00,23.00
2024-01-31,18,Camarones,30.00,69.00,44.00,24.00
2024-01-31,19,Camarones,27.00,35.00,46.00,20.00
2024-01-31,20,Camarones,25.00,31.00,18.00,
2024-01-31,21,Camarones,30.00,13.00,48.00,9.00
2024-01-31,22,Camarones,37.00,5.00,46.00,3.00
2024-01-31,23,Camarones,25.00,24.00,47.00,10.00
2024-01-31,24,Camarones,25.00,23.00,32.00,14.00
2024-01-01,1,Merced,51.00,3.00,73.00,52.00
2024-01-01,2,Merced,50.00,3.00,101.00,77.00
2024-01-01,3,Merced,49.00,3.00,103.00,80.00
2024-01-01,4,Merced,45.00,3.00,141.00,114.00
2024-01-01,5,Merced,40.00,4.00,160.00,133.00
2024-01-01,6,Merced,42.00,5.00,159.00,138.00
2024-01-01,7,Merced,47.00,5.00,192.00,160.00
2024-01-01,8,Merced,49.00,5.00,181.00,154.00
2024-01-01,9,Merced,49.00,5.00,186.00,154.00
2024-01-01,10,Merced,62.00,11.00,183.00,150.00
2024-01-01,11,Merced,60.00,34.00,173.00,148.00
2024-01-01,12,Merced,26.00,62.00,162.00,143.00
2024-01-01,13,Merced,21.00,71.00,83.00,73.00
2024-01-01,14,Merced,15.00,90.00,50.00,41.00
2024-01-01,15,Merced,15.00,96.00,45.00,39.00
2024-01-01,16,Merced,21.00,81.00,45.00,32.00
2024-01-01,17,Merced,18.00,80.00,35.00,28.00
2024-01-01,18,Merced,23.00,74.00,33.00,28.00
2024-01-01,19,Merced,23.00,51.00,35.00,29.00
2024-01-01,20,Merced,33.00,35.00,39.00,20.00
2024-01-01,21,Merced,47.00,22.00,48.00,30.00
2024-01-01,22,Merced,50.00,15.00,49.00,29.00
2024-01-01,23,Merced,29.00,23.00,54.00,31.00
2024-01-01,24,Merced,33.00,15.00,51.00,27.00
2024-01-02,1,Merced,44.00,7.00,45.00,24.00
2024-01-02,2,Merced,32.00,17.00,50.00,32.00
2024-01-02,3,Merced,34.00,13.00,25.00,12.00
2024-01-02,4,Merced,39.00,4.00,45.00,33.00
2024-01-02,5,Merced,42.00,1.00,49.00,36.00
2024-01-02,6,Merced,46.00,1.00,42.00,26.00
2024-01-02,7,Merced,50.00,2.00,50.00,31.00
2024-01-02,8,Merced,53.00,2.00,59.00,32.00
2024-01-02,9,Merced,45.00,2.00,69.00,38.00
2024-01-02,10,Merced,58.00,4.00,64.00,37.00
2024-01-02,11,Merced,57.00,18.00,71.00,43.00
2024-01-02,12,Merced,38.00,34.00,52.00,33.00
2024-01-02,13,Merced,33.00,41.00,46.00,31.00
2024-01-02,14,Merced,24.00,53.00,36.00,22.00
2024-01-02,15,Merced,14.00,54.00,26.00,15.00
2024-01-02,16,Merced,21.00,49.00,21.00,10.00
2024-01-02,17,Merced,25.00,42.00,47.00,20.00
2024-01-02,18,Merced,35.00,37.00,45.00,14.00
2024-01-02,19,Merced,42.00,24.00,46.00,15.00
2024-01-02,20,Merced,51.00,12.00,51.00,24.00
2024-01-02,21,Merced,55.00,4.00,42.00,16.00
2024-01-02,22,Merced,55.00,3.00,51.00,26.00
2024-01-02,23,Merced,50.00,2.00,73.00,39.00
2024-01-02,24,Merced,54.00,2.00,48.00,23.00
2024-01-03,1,Merced,48.00,2.00,58.00,34.00
2024-01-03,2,Merced,47.00,1.00,53.00,28.00
2024-01-03,3,Merced,48.00,1.00,51.00,31.00
2024-01-03,4,Merced,46.00,1.00,37.00,16.00
2024-01-03,5,Merced,38.00,1.00,57.00,37.00
2024-01-03,6,Merced,39.00,1.00,44.00,27.00
2024-01-03,7,Merced,39.00,1.00,41.00,23.00
2024-01-03,8,Merced,43.00,1.00,55.00,34.00
2024-01-03,9,Merced,41.00,2.00,53.00,32.00
2024-01-03,10,Merced,44.00,4.00,30.00,8.00
2024-01-03,11,Merced,63.00,6.00,47.00,25.00
2024-01-03,12,Merced,55.00,16.00,50.00,24.00
2024-01-03,13,Merced,31.00,38.00,45.00,21.00
2024-01-03,14,Merced,28.00,48.00,,
2024-01-03,15,Merced,30.00,63.00,,
2024-01-03,16,Merced,25.00,66.00,,
2024-01-03,17,Merced,18.00,59.00,0.00,
2024-01-03,18,Merced,21.00,43.00,41.00,12.00
2024-01-03,19,Merced,36.00,24.00,52.00,14.00
2024-01-03,20,Merced,33.00,21.00,60.00,22.00
2024-01-03,21,Merced,44.00,11.00,42.00,12.00
2024-01-03,22,Merced,41.00,9.00,52.00,20.00
2024-01-03,23,Merced,47.00,3.00,40.00,14.00
2024-01-03,24,Merced,50.00,3.00,36.00,14.00
2024-01-04,1,Merced,43.00,4.00,64.00,39.00
2024-01-04,2,Merced,44.00,1.00,62.00,39.00
2024-01-04,3,Merced,41.00,1.00,28.00,11.00
2024-01-04,4,Merced,40.00,1.00,43.00,28.00
2024-01-04,5,Merced,37.00,1.00,38.00,24.00
2024-01-04,6,Merced,34.00,2.00,35.00,22.00
2024-01-04,7,Merced,41.00,1.00,26.00,13.00
2024-01-04,8,Merced,45.00,1.00,48.00,20.00
2024-01-04,9,Merced,45.00,2.00,48.00,19.00
2024-01-04,10,Merced,36.00,12.00,44.00,17.00
2024-01-04,11,Merced,16.00,29.00,39.00,23.00
2024-01-04,12,Merced,,,,
2024-01-04,13,Merced,,,,
2024-01-04,14,Merced,,,,
2024-01-04,15,Merced,18.00,39.00,,
2024-01-04,16,Merced,18.00,28.00,41.00,9.00
2024-01-04,17,Merced,19.00,27.00,33.00,10.00
2024-01-04,18,Merced,27.00,20.00,22.00,8.00
2024-01-04,19,Merced,37.00,8.00,24.00,7.00
2024-01-04,20,Merced,34.00,7.00,39.00,21.00
2024-01-04,21,Merced,35.00,7.00,29.00,13.00
2024-01-04,22,Merced,37.00,6.00,32.00,14.00
2024-01-04,23,Merced,33.00,7.00,47.00,26.00
2024-01-04,24,Merced,,,37.00,19.00
2024-01-05,1,Merced,,,43.00,25.00
2024-01-05,2,Merced,,,22.00,6.00
2024-01-05,3,Merced,,,27.00,12.00
2024-01-05,4,Merced,22.00,8.00,25.00,14.00
2024-01-05,5,Merced,22.00,8.00,0.00,
2024-01-05,6,Merced,30.00,2.00,3.00,
2024-01-05,7,Merced,35.00,1.00,22.00,14.00
2024-01-05,8,Merced,38.00,2.00,22.00,6.00
2024-01-05,9,Merced,25.00,8.00,37.00,15.00
2024-01-05,10,Merced,15.00,18.00,25.00,6.00
2024-01-05,11,Merced,11.00,25.00,17.00,5.00
2024-01-05,12,Merced,10.00,29.00,37.00,5.00
2024-01-05,13,Merced,11.00,35.00,55.00,6.00
2024-01-05,14,Merced,17.00,36.00,41.00,6.00
2024-01-05,15,Merced,15.00,30.00,22.00,0.00
2024-01-05,16,Merced,18.00,29.00,26.00,3.00
2024-01-05,17,Merced,14.00,32.00,33.00,10.00
2024-01-05,18,Merced,17.00,26.00,35.00,11.00
2024-01-05,19,Merced,24.00,18.00,35.00,8.00
2024-01-05,20,Merced,27.00,10.00,34.00,17.00
2024-01-05,21,Merced,31.00,8.00,19.00,8.00
2024-01-05,22,Merced,24.00,9.00,25.00,11.00
2024-01-05,23,Merced,36.00,4.00,25.00,12.00
2024-01-05,24,Merced,35.00,2.00,51.00,29.00
2024-01-06,1,Merced,36.00,2.00,43.00,24.00
2024-01-06,2,Merced,35.00,2.00,34.00,15.00
2024-01-06,3,Merced,31.00,1.00,42.00,27.00
2024-01-06,4,Merced,29.00,2.00,8.00,
2024-01-06,5,Merced,30.00,2.00,11.00,
2024-01-06,6,Merced,34.00,2.00,16.00,7.00
2024-01-06,7,Merced,34.00,2.00,21.00,8.00
2024-01-06,8,Merced,33.00,2.00,36.00,19.00
2024-01-06,9,Merced,31.00,4.00,30.00,15.00
2024-01-06,10,Merced,25.00,12.00,27.00,12.00
2024-01-06,11,Merced,25.00,21.00,19.00,7.00
2024-01-06,12,Merced,18.00,30.00,22.00,11.00
2024-01-06,13,Merced,19.00,37.00,19.00,10.00
2024-01-06,14,Merced,18.00,42.00,19.00,9.00
2024-01-06,15,Merced,16.00,43.00,14.00,7.00
2024-01-06,16,Merced,,,,
2024-01-06,17,Merced,15.00,39.00,,
2024-01-06,18,Merced,16.00,46.00,,
2024-01-06,19,Merced,24.00,16.00,,
2024-01-06,20,Merced,26.00,11.00,31.00,16.00
2024-01-06,21,Merced,23.00,10.00,19.00,9.00
2024-01-06,22,Merced,25.00,8.00,23.00,13.00
2024-01-06,23,Merced,29.00,4.00,18.00,9.00
2024-01-06,24,Merced,31.00,2.00,26.00,13.00
2024-01-07,1,Merced,34.00,2.00,36.00,22.00
2024-01-07,2,Merced,34.00,2.00,38.00,18.00
2024-01-07,3,Merced,32.00,2.00,34.00,20.00
2024-01-07,4,Merced,32.00,2.00,33.00,14.00
2024-01-07,5,Merced,31.00,2.00,44.00,29.00
2024-01-07,6,Merced,29.00,1.00,35.00,18.00
2024-01-07,7,Merced,31.00,2.00,39.00,25.00
2024-01-07,8,Merced,36.00,2.00,44.00,28.00
2024-01-07,9,Merced,33.00,2.00,44.00,18.00
2024-01-07,10,Merced,38.00,4.00,32.00,10.00
2024-01-07,11,Merced,42.00,12.00,31.00,11.00
2024-01-07,12,Merced,57.00,18.00,36.00,19.00
2024-01-07,13,Merced,56.00,28.00,53.00,35.00
2024-01-07,14,Merced,44.00,52.00,44.00,29.00
2024-01-07,15,Merced,26.00,53.00,51.00,37.00
2024-01-07,16,Merced,22.00,45.00,33.00,16.00
2024-01-07,17,Merced,23.00,21.00,27.00,12.00
2024-01-07,18,Merced,20.00,18.00,23.00,13.00
2024-01-07,19,Merced,18.00,13.00,13.00,7.00
2024-01-07,20,Merced,18.00,8.00,11.00,6.00
2024-01-07,21,Merced,17.00,7.00,9.00,5.00
2024-01-07,22,Merced,30.00,3.00,7.00,4.00
2024-01-07,23,Merced,45.00,2.00,19.00,9.00
2024-01-07,24,Merced,43.00,2.00,41.00,19.00
2024-01-08,1,Merced,34.00,3.00,42.00,20.00
2024-01-08,2,Merced,15.00,12.00,17.00,3.00
2024-01-08,3,Merced,9.00,16.00,23.00,14.00
2024-01-08,4,Merced,8.00,19.00,,
2024-01-08,5,Merced,12.00,16.00,21.00,12.00
2024-01-08,6,Merced,12.00,16.00,4.00,
2024-01-08,7,Merced,15.00,12.00,17.00,9.00
2024-01-08,8,Merced,20.00,9.00,,
2024-01-08,9,Merced,20.00,12.00,,
2024-01-08,10,Merced,13.00,18.00,17.00,6.00
2024-01-08,11,Merced,12.00,23.00,11.00,1.00
2024-01-08,12,Merced,12.00,27.00,27.00,14.00
2024-01-08,13,Merced,14.00,31.00,12.00,4.00
2024-01-08,14,Merced,14.00,28.00,19.00,7.00
2024-01-08,15,Merced,12.00,22.00,,
2024-01-08,16,Merced,13.00,19.00,6.00,
2024-01-08,17,Merced,17.00,15.00,13.00,5.00
2024-01-08,18,Merced,16.00,14.00,,
2024-01-08,19,Merced,19.00,9.00,20.00,10.00
2024-01-08,20,Merced,19.00,7.00,17.00,7.00
2024-01-08,21,Merced,18.00,8.00,25.00,15.00
2024-01-08,22,Merced,19.00,5.00,10.00,3.00
2024-01-08,23,Merced,21.00,3.00,16.00,9.00
2024-01-08,24,Merced,17.00,7.00,6.00,
2024-01-09,1,Merced,19.00,6.00,18.00,13.00
2024-01-09,2,Merced,24.00,4.00,3.00,2.00
2024-01-09,3,Merced,10.00,22.00,12.00,2.00
2024-01-09,4,Merced,7.00,27.00,8.00,3.00
2024-01-09,5,Merced,12.00,21.00,11.00,4.00
2024-01-09,6,Merced,32.00,3.00,7.00,0.00
2024-01-09,7,Merced,28.00,1.00,14.00,3.00
2024-01-09,8,Merced,28.00,1.00,23.00,5.00
2024-01-09,9,Merced,30.00,2.00,40.00,15.00
2024-01-09,10,Merced,37.00,3.00,38.00,16.00
2024-01-09,11,Merced,41.00,9.00,33.00,10.00
2024-01-09,12,Merced,41.00,17.00,30.00,11.00
2024-01-09,13,Merced,39.00,26.00,36.00,17.00
2024-01-09,14,Merced,34.00,33.00,19.00,5.00
2024-01-09,15,Merced,33.00,39.00,16.00,2.00
2024-01-09,16,Merced,35.00,41.00,17.00,8.00
2024-01-09,17,Merced,41.00,39.00,12.00,1.00
2024-01-09,18,Merced,37.00,22.00,30.00,13.00
2024-01-09,19,Merced,53.00,10.00,22.00,9.00
2024-01-09,20,Merced,60.00,4.00,38.00,19.00
2024-01-09,21,Merced,55.00,4.00,37.00,15.00
2024-01-09,22,Merced,54.00,4.00,48.00,20.00
2024-01-09,23,Merced,52.00,4.00,46.00,20.00
2024-01-09,24,Merced,52.00,2.00,47.00,21.00
2024-01-10,1,Merced,49.00,3.00,47.00,20.00
2024-01-10,2,Merced,39.00,5.00,54.00,32.00
2024-01-10,3,Merced,36.00,6.00,19.00,5.00
2024-01-10,4,Merced,32.00,8.00,36.00,25.00
2024-01-10,5,Merced,39.00,2.00,14.00,5.00
2024-01-10,6,Merced,43.00,2.00,15.00,3.00
2024-01-10,7,Merced,44.00,2.00,32.00,15.00
2024-01-10,8,Merced,45.00,3.00,39.00,20.00
2024-01-10,9,Merced,48.00,3.00,47.00,22.00
2024-01-10,10,Merced,39.00,11.00,50.00,13.00
2024-01-10,11,Merced,37.00,17.00,30.00,3.00
2024-01-10,12,Merced,28.00,26.00,49.00,15.00
2024-01-10,13,Merced,21.00,30.00,34.00,7.00
2024-01-10,14,Merced,20.00,40.00,35.00,13.00
2024-01-10,15,Merced,23.00,42.00,21.00,3.00
2024-01-10,16,Merced,27.00,36.00,28.00,9.00
2024-01-10,17,Merced,28.00,45.00,31.00,10.00
2024-01-10,18,Merced,28.00,37.00,47.00,11.00
2024-01-10,19,Merced,31.00,13.00,44.00,14.00
2024-01-10,20,Merced,36.00,10.00,26.00,7.00
2024-01-10,21,Merced,29.00,14.00,24.00,6.00
2024-01-10,22,Merced,26.00,17.00,18.00,6.00
2024-01-10,23,Merced,25.00,16.00,10.00,3.00
2024-01-10,24,Merced,,,14.00,8.00
2024-01-11,1,Merced,,,17.00,4.00
2024-01-11,2,Merced,,,,
2024-01-11,3,Merced,,,,
2024-01-11,4,Merced,31.00,2.00,,
2024-01-11,5,Merced,28.00,3.00,,
2024-01-11,6,Merced,30.00,2.00,,
2024-01-11,7,Merced,31.00,2.00,,
2024-01-11,8,Merced,34.00,2.00,,
2024-01-11,9,Merced,43.00,2.00,,
2024-01-11,10,Merced,65.00,3.00,,
2024-01-11,11,Merced,101.00,5.00,,
2024-01-11,12,Merced,126.00,12.00,,
2024-01-11,13,Merced,74.00,32.00,,
2024-01-11,14,Merced,33.00,48.00,,
2024-01-11,15,Merced,28.00,46.00,,
2024-01-11,16,Merced,21.00,51.00,,
2024-01-11,17,Merced,21.00,52.00,,
2024-01-11,18,Merced,31.00,38.00,,
2024-01-11,19,Merced,,,,
2024-01-11,20,Merced,45.00,20.00,,
2024-01-11,21,Merced,54.00,10.00,,
2024-01-11,22,Merced,46.00,11.00,,
2024-01-11,23,Merced,47.00,7.00,,
2024-01-11,24,Merced,49.00,4.00,,
2024-01-12,1,Merced,53.00,2.00,,
2024-01-12,2,Merced,45.00,2.00,45.00,20.00
2024-01-12,3,Merced,42.00,2.00,37.00,17.00
2024-01-12,4,Merced,38.00,2.00,32.00,15.00
2024-01-12,5,Merced,37.00,2.00,22.00,9.00
2024-01-12,6,Merced,41.00,2.00,33.00,16.00
2024-01-12,7,Merced,46.00,3.00,57.00,33.00
2024-01-12,8,Merced,51.00,2.00,74.00,40.00
2024-01-12,9,Merced,50.00,3.00,80.00,35.00
2024-01-12,10,Merced,71.00,5.00,63.00,22.00
2024-01-12,11,Merced,97.00,8.00,62.00,26.00
2024-01-12,12,Merced,115.00,17.00,66.00,35.00
2024-01-12,13,Merced,73.00,42.00,79.00,47.00
2024-01-12,14,Merced,38.00,53.00,67.00,37.00
2024-01-12,15,Merced,43.00,66.00,43.00,21.00
2024-01-12,16,Merced,32.00,74.00,42.00,22.00
2024-01-12,17,Merced,23.00,51.00,34.00,14.00
2024-01-12,18,Merced,28.00,43.00,53.00,10.00
2024-01-12,19,Merced,37.00,33.00,65.00,13.00
2024-01-12,20,Merced,56.00,12.00,67.00,18.00
2024-01-12,21,Merced,65.00,3.00,63.00,25.00
2024-01-12,22,Merced,64.00,3.00,64.00,30.00
2024-01-12,23,Merced,66.00,3.00,45.00,18.00
2024-01-12,24,Merced,61.00,2.00,61.00,29.00
2024-01-13,1,Merced,60.00,2.00,60.00,30.00
2024-01-13,2,Merced,57.00,3.00,59.00,31.00
2024-01-13,3,Merced,54.00,3.00,58.00,22.00
2024-01-13,4,Merced,54.00,2.00,77.00,37.00
2024-01-13,5,Merced,50.00,3.00,51.00,24.00
2024-01-13,6,Merced,51.00,3.00,51.00,26.00
2024-01-13,7,Merced,46.00,2.00,56.00,22.00
2024-01-13,8,Merced,45.00,2.00,40.00,16.00
2024-01-13,9,Merced,68.00,3.00,31.00,7.00
2024-01-13,10,Merced,59.00,7.00,69.00,32.00
2024-01-13,11,Merced,43.00,17.00,56.00,30.00
2024-01-13,12,Merced,28.00,27.00,29.00,14.00
2024-01-13,13,Merced,31.00,29.00,26.00,15.00
2024-01-13,14,Merced,35.00,27.00,20.00,7.00
2024-01-13,15,Merced,28.00,30.00,31.00,19.00
2024-01-13,16,Merced,27.00,29.00,21.00,10.00
2024-01-13,17,Merced,23.00,28.00,20.00,7.00
2024-01-13,18,Merced,21.00,24.00,29.00,9.00
2024-01-13,19,Merced,31.00,14.00,29.00,12.00
2024-01-13,20,Merced,34.00,4.00,25.00,11.00
2024-01-13,21,Merced,57.00,2.00,22.00,7.00
2024-01-13,22,Merced,67.00,2.00,42.00,19.00
2024-01-13,23,Merced,62.00,2.00,41.00,17.00
2024-01-13,24,Merced,64.00,3.00,49.00,22.00
2024-01-14,1,Merced,58.00,3.00,58.00,26.00
2024-01-14,2,Merced,47.00,2.00,58.00,24.00
2024-01-14,3,Merced,42.00,3.00,57.00,33.00
2024-01-14,4,Merced,42.00,2.00,43.00,18.00
2024-01-14,5,Merced,34.00,1.00,58.00,32.00
2024-01-14,6,Merced,31.00,1.00,33.00,18.00
2024-01-14,7,Merced,31.00,2.00,20.00,3.00
2024-01-14,8,Merced,30.00,2.00,30.00,10.00
2024-01-14,9,Merced,33.00,2.00,38.00,21.00
2024-01-14,10,Merced,42.00,6.00,47.00,25.00
2024-01-14,11,Merced,69.00,12.00,36.00,18.00
2024-01-14,12,Merced,59.00,26.00,38.00,20.00
2024-01-14,13,Merced,39.00,40.00,42.00,27.00
2024-01-14,14,Merced,23.00,42.00,40.00,23.00
2024-01-14,15,Merced,18.00,44.00,28.00,13.00
2024-01-14,16,Merced,15.00,46.00,19.00,7.00
2024-01-14,17,Merced,13.00,55.00,19.00,7.00
2024-01-14,18,Merced,24.00,34.00,15.00,3.00
2024-01-14,19,Merced,43.00,19.00,32.00,10.00
2024-01-14,20,Merced,46.00,20.00,40.00,10.00
2024-01-14,21,Merced,56.00,5.00,40.00,14.00
2024-01-14,22,Merced,,,,
2024-01-14,23,Merced,49.00,4.00,36.00,16.00
2024-01-14,24,Merced,51.00,3.00,35.00,17.00
2024-01-15,1,Merced,50.00,2.00,39.00,20.00
2024-01-15,2,Merced,47.00,2.00,36.00,14.00
2024-01-15,3,Merced,46.00,2.00,41.00,20.00
2024-01-15,4,Merced,46.00,2.00,42.00,23.00
2024-01-15,5,Merced,43.00,2.00,32.00,12.00
2024-01-15,6,Merced,,,,
2024-01-15,7,Merced,40.00,2.00,33.00,17.00
2024-01-15,8,Merced,40.00,3.00,45.00,18.00
2024-01-15,9,Merced,58.00,3.00,53.00,25.00
2024-01-15,10,Merced,80.00,6.00,71.00,35.00
2024-01-15,11,Merced,97.00,10.00,66.00,37.00
2024-01-15,12,Merced,72.00,24.00,73.00,40.00
2024-01-15,13,Merced,64.00,44.00,55.00,36.00
2024-01-15,14,Merced,42.00,52.00,56.00,34.00
2024-01-15,15,Merced,25.00,53.00,23.00,12.00
2024-01-15,16,Merced,21.00,68.00,19.00,7.00
2024-01-15,17,Merced,22.00,86.00,22.00,10.00
2024-01-15,18,Merced,29.00,75.00,30.00,14.00
2024-01-15,19,Merced,51.00,34.00,30.00,13.00
2024-01-15,20,Merced,55.00,15.00,48.00,19.00
2024-01-15,21,Merced,60.00,5.00,53.00,22.00
2024-01-15,22,Merced,60.00,2.00,45.00,13.00
2024-01-15,23,Merced,59.00,2.00,45.00,19.00
2024-01-15,24,Merced,54.00,2.00,52.00,19.00
2024-01-16,1,Merced,50.00,2.00,60.00,25.00
2024-01-16,2,Merced,49.00,2.00,57.00,28.00
2024-01-16,3,Merced,47.00,2.00,49.00,23.00
2024-01-16,4,Merced,47.00,2.00,46.00,22.00
2024-01-16,5,Merced,43.00,2.00,38.00,17.00
2024-01-16,6,Merced,45.00,3.00,55.00,33.00
2024-01-16,7,Merced,50.00,3.00,53.00,15.00
2024-01-16,8,Merced,58.00,4.00,67.00,19.00
2024-01-16,9,Merced,63.00,3.00,82.00,22.00
2024-01-16,10,Merced,80.00,4.00,97.00,36.00
2024-01-16,11,Merced,80.00,14.00,93.00,41.00
2024-01-16,12,Merced,69.00,31.00,74.00,40.00
2024-01-16,13,Merced,41.00,46.00,61.00,34.00
2024-01-16,14,Merced,29.00,52.00,42.00,25.00
2024-01-16,15,Merced,18.00,70.00,33.00,20.00
2024-01-16,16,Merced,31.00,82.00,30.00,16.00
2024-01-16,17,Merced,22.00,93.00,27.00,13.00
2024-01-16,18,Merced,25.00,53.00,41.00,21.00
2024-01-16,19,Merced,29.00,49.00,43.00,12.00
2024-01-16,20,Merced,44.00,31.00,46.00,15.00
2024-01-16,21,Merced,54.00,24.00,45.00,20.00
2024-01-16,22,Merced,74.00,3.00,51.00,27.00
2024-01-16,23,Merced,71.00,2.00,55.00,32.00
2024-01-16,24,Merced,,,51.00,15.00
2024-01-17,1,Merced,,,55.00,26.00
2024-01-17,2,Merced,,,57.00,27.00
2024-01-17,3,Merced,,,,
2024-01-17,4,Merced,47.00,2.00,35.00,15.00
2024-01-17,5,Merced,44.00,2.00,48.00,26.00
2024-01-17,6,Merced,41.00,2.00,44.00,21.00
2024-01-17,7,Merced,41.00,2.00,40.00,23.00
2024-01-17,8,Merced,56.00,3.00,31.00,9.00
2024-01-17,9,Merced,50.00,3.00,66.00,30.00
2024-01-17,10,Merced,72.00,5.00,69.00,36.00
2024-01-17,11,Merced,75.00,11.00,78.00,39.00
2024-01-17,12,Merced,66.00,26.00,70.00,41.00
2024-01-17,13,Merced,27.00,54.00,61.00,30.00
2024-01-17,14,Merced,29.00,66.00,24.00,9.00
2024-01-17,15,Merced,29.00,91.00,31.00,16.00
2024-01-17,16,Merced,32.00,103.00,37.00,20.00
2024-01-17,17,Merced,41.00,112.00,50.00,31.00
2024-01-17,18,Merced,45.00,83.00,67.00,44.00
2024-01-17,20,Merced,47.00,37.00,73.00,32.00
2024-01-17,21,Merced,70.00,13.00,65.00,28.00
2024-01-17,22,Merced,78.00,6.00,65.00,31.00
2024-01-17,23,Merced,84.00,2.00,55.00,24.00
2024-01-17,24,Merced,77.00,3.00,70.00,36.00
2024-01-18,1,Merced,57.00,12.00,75.00,43.00
2024-01-18,2,Merced,61.00,5.00,61.00,29.00
2024-01-18,3,Merced,57.00,4.00,59.00,28.00
2024-01-18,4,Merced,58.00,2.00,52.00,24.00
2024-01-18,5,Merced,49.00,5.00,52.00,30.00
2024-01-18,6,Merced,53.00,2.00,61.00,40.00
2024-01-18,7,Merced,50.00,2.00,61.00,34.00
2024-01-18,8,Merced,56.00,3.00,49.00,21.00
2024-01-18,9,Merced,66.00,3.00,90.00,35.00
2024-01-18,10,Merced,92.00,4.00,85.00,34.00
2024-01-18,11,Merced,119.00,7.00,105.00,55.00
2024-01-18,12,Merced,87.00,23.00,115.00,66.00
2024-01-18,13,Merced,45.00,38.00,77.00,43.00
2024-01-18,14,Merced,40.00,55.00,40.00,18.00
2024-01-18,15,Merced,34.00,80.00,45.00,25.00
2024-01-18,16,Merced,26.00,89.00,55.00,34.00
2024-01-18,17,Merced,27.00,94.00,50.00,33.00
2024-01-18,18,Merced,27.00,93.00,46.00,30.00
2024-01-18,19,Merced,79.00,32.00,44.00,26.00
2024-01-18,20,Merced,99.00,4.00,55.00,25.00
2024-01-18,21,Merced,79.00,3.00,78.00,41.00
2024-01-18,22,Merced,58.00,4.00,64.00,26.00
2024-01-18,23,Merced,53.00,3.00,69.00,27.00
2024-01-18,24,Merced,54.00,3.00,53.00,18.00
2024-01-19,1,Merced,47.00,4.00,52.00,12.00
2024-01-19,2,Merced,47.00,3.00,35.00,12.00
2024-01-19,3,Merced,49.00,2.00,31.00,11.00
2024-01-19,4,Merced,47.00,3.00,37.00,17.00
2024-01-19,5,Merced,46.00,2.00,37.00,18.00
2024-01-19,6,Merced,49.00,3.00,50.00,22.00
2024-01-19,7,Merced,54.00,3.00,67.00,23.00
2024-01-19,8,Merced,64.00,4.00,71.00,30.00
2024-01-19,9,Merced,65.00,4.00,86.00,36.00
2024-01-19,10,Merced,86.00,4.00,93.00,37.00
2024-01-19,11,Merced,109.00,4.00,98.00,46.00
2024-01-19,12,Merced,122.00,7.00,106.00,45.00
2024-01-19,13,Merced,83.00,18.00,125.00,60.00
2024-01-19,14,Merced,65.00,30.00,79.00,41.00
2024-01-19,15,Merced,26.00,39.00,66.00,36.00
2024-01-19,16,Merced,23.00,45.00,45.00,24.00
2024-01-19,17,Merced,36.00,41.00,43.00,23.00
2024-01-19,18,Merced,43.00,23.00,54.00,21.00
2024-01-19,19,Merced,47.00,13.00,64.00,19.00
2024-01-19,20,Merced,52.00,5.00,57.00,15.00
2024-01-19,21,Merced,44.00,6.00,58.00,15.00
2024-01-19,22,Merced,40.00,9.00,58.00,11.00
2024-01-19,23,Merced,35.00,11.00,50.00,8.00
2024-01-19,24,Merced,31.00,12.00,64.00,13.00
2024-01-20,1,Merced,34.00,8.00,35.00,4.00
2024-01-20,2,Merced,34.00,7.00,34.00,11.00
2024-01-20,3,Merced,38.00,4.00,32.00,10.00
2024-01-20,4,Merced,40.00,4.00,40.00,18.00
2024-01-20,5,Merced,29.00,11.00,41.00,18.00
2024-01-20,6,Merced,34.00,6.00,27.00,13.00
2024-01-20,7,Merced,41.00,2.00,34.00,20.00
2024-01-20,8,Merced,43.00,2.00,40.00,26.00
2024-01-20,9,Merced,38.00,4.00,43.00,27.00
2024-01-20,10,Merced,34.00,12.00,44.00,27.00
2024-01-20,11,Merced,31.00,16.00,41.00,25.00
2024-01-20,12,Merced,37.00,14.00,25.00,10.00
2024-01-20,13,Merced,37.00,26.00,32.00,13.00
2024-01-20,14,Merced,33.00,38.00,43.00,20.00
2024-01-20,15,Merced,23.00,46.00,47.00,22.00
2024-01-20,16,Merced,39.00,38.00,45.00,22.00
2024-01-20,17,Merced,34.00,29.00,50.00,24.00
2024-01-20,18,Merced,34.00,23.00,71.00,31.00
2024-01-20,19,Merced,27.00,19.00,52.00,19.00
2024-01-20,20,Merced,28.00,13.00,37.00,17.00
2024-01-20,21,Merced,29.00,14.00,23.00,5.00
2024-01-20,22,Merced,34.00,5.00,26.00,14.00
2024-01-20,23,Merced,37.00,2.00,32.00,12.00
2024-01-20,24,Merced,38.00,1.00,35.00,14.00
2024-01-21,1,Merced,38.00,1.00,38.00,17.00
2024-01-21,2,Merced,37.00,1.00,41.00,24.00
2024-01-21,3,Merced,37.00,1.00,31.00,18.00
2024-01-21,4,Merced,33.00,1.00,23.00,6.00
2024-01-21,5,Merced,32.00,1.00,19.00,2.00
2024-01-21,6,Merced,33.00,2.00,30.00,14.00
2024-01-21,7,Merced,35.00,1.00,34.00,20.00
2024-01-21,8,Merced,35.00,2.00,42.00,25.00
2024-01-21,9,Merced,39.00,3.00,40.00,19.00
2024-01-21,10,Merced,46.00,7.00,38.00,12.00
2024-01-21,11,Merced,54.00,20.00,47.00,22.00
2024-01-21,12,Merced,44.00,39.00,68.00,46.00
2024-01-21,13,Merced,35.00,43.00,58.00,37.00
2024-01-21,14,Merced,35.00,25.00,46.00,25.00
2024-01-21,15,Merced,32.00,33.00,40.00,30.00
2024-01-21,16,Merced,28.00,41.00,23.00,14.00
2024-01-21,17,Merced,25.00,48.00,26.00,18.00
2024-01-21,18,Merced,33.00,47.00,30.00,24.00
2024-01-21,19,Merced,53.00,21.00,32.00,22.00
2024-01-21,20,Merced,66.00,3.00,44.00,32.00
2024-01-21,21,Merced,61.00,3.00,42.00,25.00
2024-01-21,22,Merced,53.00,4.00,50.00,33.00
2024-01-21,23,Merced,51.00,2.00,36.00,18.00
2024-01-21,24,Merced,50.00,1.00,44.00,29.00
2024-01-22,1,Merced,42.00,2.00,30.00,8.00
2024-01-22,2,Merced,41.00,4.00,27.00,7.00
2024-01-22,3,Merced,34.00,7.00,33.00,15.00
2024-01-22,4,Merced,39.00,2.00,31.00,19.00
2024-01-22,5,Merced,36.00,2.00,37.00,26.00
2024-01-22,6,Merced,37.00,2.00,22.00,13.00
2024-01-22,7,Merced,37.00,2.00,34.00,23.00
2024-01-22,8,Merced,36.00,3.00,39.00,21.00
2024-01-22,9,Merced,39.00,4.00,49.00,24.00
2024-01-22,10,Merced,68.00,6.00,33.00,16.00
2024-01-22,11,Merced,61.00,17.00,55.00,31.00
2024-01-22,12,Merced,51.00,30.00,46.00,26.00
2024-01-22,13,Merced,41.00,43.00,35.00,22.00
2024-01-22,14,Merced,34.00,52.00,33.00,23.00
2024-01-22,15,Merced,33.00,62.00,32.00,21.00
2024-01-22,16,Merced,30.00,63.00,31.00,19.00
2024-01-22,17,Merced,25.00,58.00,32.00,21.00
2024-01-22,18,Merced,20.00,41.00,30.00,19.00
2024-01-22,19,Merced,31.00,26.00,26.00,10.00
2024-01-22,20,Merced,39.00,13.00,32.00,13.00
2024-01-22,21,Merced,33.00,14.00,29.00,12.00
2024-01-22,22,Merced,48.00,4.00,13.00,0.00
2024-01-22,23,Merced,51.00,2.00,34.00,11.00
2024-01-22,24,Merced,,,45.00,24.00
2024-01-23,1,Merced,,,28.00,14.00
2024-01-23,2,Merced,,,44.00,25.00
2024-01-23,3,Merced,,,34.00,18.00
2024-01-23,4,Merced,35.00,2.00,23.00,8.00
2024-01-23,5,Merced,35.00,2.00,15.00,4.00
2024-01-23,6,Merced,36.00,2.00,23.00,12.00
2024-01-23,7,Merced,39.00,2.00,26.00,11.00
2024-01-23,8,Merced,51.00,3.00,45.00,22.00
2024-01-23,9,Merced,59.00,3.00,54.00,25.00
2024-01-23,10,Merced,67.00,6.00,80.00,42.00
2024-01-23,11,Merced,64.00,17.00,72.00,46.00
2024-01-23,12,Merced,39.00,39.00,63.00,43.00
2024-01-23,13,Merced,20.00,55.00,32.00,17.00
2024-01-23,14,Merced,12.00,62.00,29.00,13.00
2024-01-23,15,Merced,15.00,54.00,19.00,6.00
2024-01-23,16,Merced,17.00,53.00,33.00,7.00
2024-01-23,17,Merced,18.00,55.00,25.00,9.00
2024-01-23,18,Merced,19.00,46.00,33.00,11.00
2024-01-23,19,Merced,22.00,33.00,24.00,2.00
2024-01-23,20,Merced,28.00,25.00,28.00,11.00
2024-01-23,21,Merced,32.00,20.00,20.00,6.00
2024-01-23,22,Merced,48.00,4.00,40.00,24.00
2024-01-23,23,Merced,51.00,2.00,45.00,24.00
2024-01-23,24,Merced,50.00,2.00,44.00,21.00
2024-01-24,1,Merced,48.00,2.00,58.00,35.00
2024-01-24,2,Merced,45.00,2.00,44.00,26.00
2024-01-24,3,Merced,44.00,2.00,39.00,22.00
2024-01-24,4,Merced,42.00,2.00,30.00,12.00
2024-01-24,5,Merced,38.00,2.00,36.00,19.00
2024-01-24,6,Merced,38.00,2.00,43.00,28.00
2024-01-24,7,Merced,40.00,2.00,46.00,28.00
2024-01-24,8,Merced,45.00,3.00,55.00,32.00
2024-01-24,9,Merced,64.00,3.00,56.00,24.00
2024-01-24,10,Merced,87.00,5.00,60.00,27.00
2024-01-24,11,Merced,72.00,17.00,67.00,31.00
2024-01-24,12,Merced,18.00,37.00,56.00,35.00
2024-01-24,13,Merced,11.00,43.00,29.00,8.00
2024-01-24,14,Merced,10.00,41.00,30.00,10.00
2024-01-24,15,Merced,12.00,44.00,36.00,7.00
2024-01-24,16,Merced,13.00,51.00,41.00,6.00
2024-01-24,17,Merced,10.00,48.00,31.00,4.00
2024-01-24,18,Merced,14.00,40.00,21.00,3.00
2024-01-24,19,Merced,21.00,31.00,16.00,3.00
2024-01-24,20,Merced,24.00,28.00,27.00,12.00
2024-01-24,21,Merced,33.00,18.00,20.00,8.00
2024-01-24,22,Merced,40.00,10.00,25.00,11.00
2024-01-24,23,Merced,43.00,5.00,30.00,7.00
2024-01-24,24,Merced,45.00,3.00,36.00,20.00
2024-01-25,1,Merced,42.00,2.00,26.00,10.00
2024-01-25,2,Merced,39.00,2.00,26.00,13.00
2024-01-25,3,Merced,43.00,2.00,36.00,21.00
2024-01-25,4,Merced,40.00,2.00,39.00,14.00
2024-01-25,5,Merced,37.00,2.00,47.00,26.00
2024-01-25,6,Merced,32.00,2.00,48.00,23.00
2024-01-25,7,Merced,29.00,1.00,44.00,22.00
2024-01-25,8,Merced,35.00,2.00,36.00,23.00
2024-01-25,9,Merced,42.00,3.00,40.00,12.00
2024-01-25,10,Merced,58.00,6.00,66.00,36.00
2024-01-25,11,Merced,68.00,14.00,58.00,32.00
2024-01-25,12,Merced,45.00,31.00,59.00,31.00
2024-01-25,13,Merced,32.00,50.00,43.00,25.00
2024-01-25,14,Merced,28.00,56.00,38.00,21.00
2024-01-25,15,Merced,24.00,48.00,28.00,14.00
2024-01-25,16,Merced,16.00,37.00,21.00,7.00
2024-01-25,17,Merced,18.00,28.00,32.00,9.00
2024-01-25,18,Merced,19.00,21.00,24.00,2.00
2024-01-25,19,Merced,22.00,15.00,22.00,5.00
2024-01-25,20,Merced,27.00,7.00,17.00,6.00
2024-01-25,21,Merced,35.00,3.00,13.00,6.00
2024-01-25,22,Merced,36.00,2.00,19.00,8.00
2024-01-25,23,Merced,34.00,2.00,22.00,3.00
2024-01-25,24,Merced,32.00,2.00,30.00,19.00
2024-01-26,1,Merced,32.00,2.00,36.00,16.00
2024-01-26,2,Merced,30.00,1.00,32.00,10.00
2024-01-26,3,Merced,29.00,1.00,30.00,16.00
2024-01-26,4,Merced,28.00,2.00,25.00,9.00
2024-01-26,5,Merced,29.00,2.00,23.00,8.00
2024-01-26,6,Merced,28.00,2.00,38.00,19.00
2024-01-26,7,Merced,32.00,3.00,23.00,6.00
2024-01-26,8,Merced,38.00,3.00,36.00,6.00
2024-01-26,9,Merced,44.00,3.00,53.00,22.00
2024-01-26,10,Merced,81.00,4.00,59.00,26.00
2024-01-26,11,Merced,57.00,14.00,85.00,42.00
2024-01-26,12,Merced,22.00,29.00,37.00,18.00
2024-01-26,13,Merced,19.00,37.00,21.00,11.00
2024-01-26,14,Merced,16.00,44.00,11.00,1.00
2024-01-26,15,Merced,16.00,33.00,14.00,5.00
2024-01-26,16,Merced,15.00,32.00,8.00,
2024-01-26,17,Merced,19.00,29.00,25.00,7.00
2024-01-26,18,Merced,22.00,22.00,25.00,5.00
2024-01-26,19,Merced,26.00,13.00,21.00,3.00
2024-01-26,20,Merced,29.00,8.00,22.00,8.00
2024-01-26,21,Merced,29.00,7.00,10.00,0.00
2024-01-26,22,Merced,33.00,4.00,23.00,12.00
2024-01-26,23,Merced,25.00,9.00,27.00,16.00
2024-01-26,24,Merced,34.00,2.00,22.00,16.00
2024-01-27,1,Merced,33.00,2.00,16.00,4.00
2024-01-27,2,Merced,33.00,2.00,21.00,13.00
2024-01-27,3,Merced,32.00,1.00,17.00,5.00
2024-01-27,4,Merced,30.00,1.00,23.00,11.00
2024-01-27,5,Merced,31.00,1.00,20.00,9.00
2024-01-27,6,Merced,29.00,1.00,13.00,1.00
2024-01-27,7,Merced,28.00,2.00,33.00,21.00
2024-01-27,8,Merced,32.00,2.00,29.00,15.00
2024-01-27,9,Merced,54.00,3.00,44.00,24.00
2024-01-27,10,Merced,73.00,4.00,79.00,39.00
2024-01-27,11,Merced,71.00,11.00,78.00,40.00
2024-01-27,12,Merced,39.00,29.00,60.00,35.00
2024-01-27,13,Merced,27.00,43.00,39.00,25.00
2024-01-27,14,Merced,31.00,52.00,26.00,16.00
2024-01-27,15,Merced,16.00,66.00,36.00,21.00
2024-01-27,16,Merced,26.00,71.00,27.00,19.00
2024-01-27,17,Merced,19.00,79.00,28.00,14.00
2024-01-27,18,Merced,19.00,80.00,28.00,16.00
2024-01-27,19,Merced,23.00,45.00,38.00,22.00
2024-01-27,20,Merced,24.00,25.00,46.00,16.00
2024-01-27,21,Merced,31.00,16.00,58.00,16.00
2024-01-27,22,Merced,34.00,11.00,47.00,15.00
2024-01-27,23,Merced,38.00,6.00,38.00,8.00
2024-01-27,24,Merced,36.00,6.00,42.00,17.00
2024-01-28,1,Merced,28.00,8.00,49.00,30.00
2024-01-28,2,Merced,30.00,5.00,42.00,24.00
2024-01-28,3,Merced,31.00,3.00,40.00,25.00
2024-01-28,4,Merced,30.00,2.00,52.00,37.00
2024-01-28,5,Merced,29.00,2.00,43.00,38.00
2024-01-28,6,Merced,28.00,2.00,42.00,36.00
2024-01-28,7,Merced,29.00,2.00,45.00,34.00
2024-01-28,8,Merced,26.00,2.00,52.00,37.00
2024-01-28,9,Merced,30.00,2.00,44.00,28.00
2024-01-28,10,Merced,25.00,4.00,54.00,39.00
2024-01-28,11,Merced,28.00,7.00,44.00,28.00
2024-01-28,12,Merced,31.00,16.00,57.00,35.00
2024-01-28,13,Merced,36.00,27.00,77.00,56.00
2024-01-28,14,Merced,35.00,47.00,94.00,69.00
2024-01-28,15,Merced,29.00,67.00,86.00,65.00
2024-01-28,16,Merced,21.00,73.00,74.00,48.00
2024-01-28,17,Merced,29.00,70.00,43.00,21.00
2024-01-28,18,Merced,26.00,63.00,70.00,43.00
2024-01-28,19,Merced,36.00,43.00,47.00,27.00
2024-01-28,20,Merced,30.00,30.00,59.00,28.00
2024-01-28,21,Merced,32.00,20.00,43.00,18.00
2024-01-28,22,Merced,42.00,7.00,34.00,15.00
2024-01-28,23,Merced,37.00,10.00,31.00,8.00
2024-01-28,24,Merced,,,34.00,16.00
2024-01-29,1,Merced,,,38.00,22.00
2024-01-29,2,Merced,,,34.00,18.00
2024-01-29,3,Merced,,,38.00,21.00
2024-01-29,4,Merced,28.00,3.00,36.00,25.00
2024-01-29,5,Merced,29.00,3.00,24.00,12.00
2024-01-29,6,Merced,29.00,2.00,43.00,36.00
2024-01-29,7,Merced,33.00,2.00,41.00,30.00
2024-01-29,8,Merced,35.00,3.00,57.00,47.00
2024-01-29,9,Merced,40.00,4.00,60.00,44.00
2024-01-29,10,Merced,52.00,9.00,67.00,52.00
2024-01-29,11,Merced,77.00,18.00,80.00,59.00
2024-01-29,12,Merced,66.00,44.00,93.00,68.00
2024-01-29,13,Merced,36.00,63.00,77.00,54.00
2024-01-29,14,Merced,40.00,80.00,51.00,35.00
2024-01-29,15,Merced,51.00,63.00,60.00,44.00
2024-01-29,16,Merced,41.00,43.00,59.00,37.00
2024-01-29,17,Merced,42.00,42.00,40.00,21.00
2024-01-29,18,Merced,49.00,27.00,46.00,24.00
2024-01-29,19,Merced,47.00,21.00,54.00,23.00
2024-01-29,20,Merced,36.00,17.00,49.00,15.00
2024-01-29,21,Merced,28.00,19.00,42.00,16.00
2024-01-29,22,Merced,33.00,12.00,37.00,15.00
2024-01-29,23,Merced,40.00,5.00,28.00,11.00
2024-01-29,24,Merced,32.00,11.00,34.00,12.00
2024-01-30,1,Merced,36.00,7.00,29.00,14.00
2024-01-30,2,Merced,27.00,14.00,26.00,12.00
2024-01-30,3,Merced,40.00,3.00,26.00,16.00
2024-01-30,4,Merced,39.00,3.00,29.00,11.00
2024-01-30,5,Merced,37.00,2.00,37.00,20.00
2024-01-30,6,Merced,37.00,2.00,42.00,24.00
2024-01-30,7,Merced,37.00,3.00,47.00,32.00
2024-01-30,8,Merced,39.00,3.00,44.00,21.00
2024-01-30,9,Merced,44.00,3.00,53.00,27.00
2024-01-30,10,Merced,52.00,4.00,56.00,27.00
2024-01-30,11,Merced,71.00,7.00,76.00,39.00
2024-01-30,12,Merced,82.00,13.00,73.00,41.00
2024-01-30,13,Merced,77.00,26.00,64.00,35.00
2024-01-30,14,Merced,59.00,42.00,64.00,35.00
2024-01-30,15,Merced,32.00,29.00,67.00,39.00
2024-01-30,16,Merced,42.00,35.00,44.00,27.00
2024-01-30,17,Merced,36.00,21.00,45.00,19.00
2024-01-30,18,Merced,36.00,15.00,37.00,18.00
2024-01-30,19,Merced,37.00,12.00,38.00,14.00
2024-01-30,20,Merced,42.00,6.00,35.00,14.00
2024-01-30,21,Merced,44.00,4.00,37.00,13.00
2024-01-30,22,Merced,44.00,4.00,46.00,14.00
2024-01-30,23,Merced,46.00,3.00,31.00,10.00
2024-01-30,24,Merced,44.00,2.00,45.00,26.00
2024-01-31,1,Merced,45.00,2.00,40.00,19.00
2024-01-31,2,Merced,42.00,2.00,53.00,22.00
2024-01-31,3,Merced,40.00,3.00,65.00,27.00
2024-01-31,4,Merced,40.00,2.00,53.00,13.00
2024-01-31,5,Merced,37.00,2.00,60.00,22.00
2024-01-31,6,Merced,38.00,2.00,66.00,23.00
2024-01-31,7,Merced,42.00,3.00,62.00,19.00
2024-01-31,8,Merced,44.00,3.00,73.00,38.00
2024-01-31,9,Merced,42.00,4.00,72.00,38.00
2024-01-31,10,Merced,48.00,5.00,67.00,29.00
2024-01-31,11,Merced,59.00,8.00,72.00,41.00
2024-01-31,12,Merced,76.00,12.00,61.00,32.00
2024-01-31,13,Merced,59.00,33.00,75.00,42.00
2024-01-31,14,Merced,39.00,49.00,63.00,40.00
2024-01-31,15,Merced,31.00,59.00,50.00,31.00
2024-01-31,16,Merced,34.00,64.00,38.00,21.00
2024-01-31,17,Merced,32.00,74.00,38.00,21.00
2024-01-31,18,Merced,29.00,62.00,52.00,32.00
2024-01-31,19,Merced,33.00,31.00,55.00,25.00
2024-01-31,20,Merced,34.00,28.00,30.00,10.00
2024-01-31,21,Merced,33.00,15.00,26.00,5.00
2024-01-31,22,Merced,31.00,12.00,46.00,10.00
2024-01-31,23,Merced,36.00,11.00,44.00,20.00
2024-01-31,24,Merced,36.00,12.00,32.00,10.00
2024-01-01,1,Pedregal,26.00,22.00,62.00,51.00
2024-01-01,2,Pedregal,15.00,32.00,73.00,62.00
2024-01-01,3,Pedregal,,,,
2024-01-01,4,Pedregal,19.00,23.00,45.00,38.00
2024-01-01,5,Pedregal,,,,
2024-01-01,6,Pedregal,23.00,18.00,48.00,42.00
2024-01-01,7,Pedregal,15.00,27.00,50.00,42.00
2024-01-01,8,Pedregal,22.00,16.00,33.00,28.00
2024-01-01,9,Pedregal,24.00,21.00,39.00,33.00
2024-01-01,10,Pedregal,31.00,38.00,65.00,56.00
2024-01-01,11,Pedregal,28.00,64.00,85.00,74.00
2024-01-01,12,Pedregal,9.00,75.00,93.00,81.00
2024-01-01,13,Pedregal,10.00,91.00,40.00,32.00
2024-01-01,14,Pedregal,9.00,102.00,44.00,36.00
2024-01-01,15,Pedregal,8.00,104.00,45.00,36.00
2024-01-01,16,Pedregal,7.00,92.00,38.00,31.00
2024-01-01,17,Pedregal,7.00,93.00,27.00,23.00
2024-01-01,18,Pedregal,10.00,88.00,30.00,24.00
2024-01-01,19,Pedregal,18.00,68.00,31.00,22.00
2024-01-01,20,Pedregal,18.00,68.00,40.00,27.00
2024-01-01,21,Pedregal,27.00,56.00,41.00,30.00
2024-01-01,22,Pedregal,36.00,40.00,39.00,30.00
2024-01-01,23,Pedregal,24.00,44.00,49.00,38.00
2024-01-01,24,Pedregal,22.00,40.00,49.00,38.00
2024-01-02,1,Pedregal,21.00,37.00,46.00,36.00
2024-01-02,2,Pedregal,16.00,41.00,44.00,33.00
2024-01-02,3,Pedregal,12.00,41.00,32.00,25.00
2024-01-02,4,Pedregal,7.00,42.00,28.00,21.00
2024-01-02,5,Pedregal,6.00,40.00,26.00,20.00
2024-01-02,6,Pedregal,8.00,38.00,13.00,9.00
2024-01-02,7,Pedregal,19.00,26.00,14.00,10.00
2024-01-02,8,Pedregal,30.00,15.00,13.00,7.00
2024-01-02,9,Pedregal,40.00,7.00,13.00,5.00
2024-01-02,10,Pedregal,46.00,9.00,32.00,17.00
2024-01-02,11,Pedregal,50.00,19.00,41.00,21.00
2024-01-02,12,Pedregal,34.00,41.00,48.00,27.00
2024-01-02,13,Pedregal,31.00,48.00,38.00,22.00
2024-01-02,14,Pedregal,25.00,59.00,39.00,24.00
2024-01-02,15,Pedregal,19.00,68.00,36.00,21.00
2024-01-02,16,Pedregal,10.00,62.00,30.00,16.00
2024-01-02,17,Pedregal,11.00,60.00,23.00,8.00
2024-01-02,18,Pedregal,12.00,50.00,30.00,13.00
2024-01-02,19,Pedregal,15.00,44.00,31.00,14.00
2024-01-02,20,Pedregal,31.00,30.00,30.00,12.00
2024-01-02,21,Pedregal,39.00,15.00,46.00,15.00
2024-01-02,22,Pedregal,27.00,23.00,40.00,18.00
2024-01-02,23,Pedregal,36.00,13.00,26.00,13.00
2024-01-02,24,Pedregal,42.00,7.00,34.00,16.00
2024-01-03,1,Pedregal,41.00,6.00,39.00,18.00
2024-01-03,2,Pedregal,40.00,5.00,38.00,20.00
2024-01-03,3,Pedregal,40.00,5.00,37.00,21.00
2024-01-03,4,Pedregal,36.00,8.00,29.00,15.00
2024-01-03,5,Pedregal,29.00,12.00,34.00,21.00
2024-01-03,6,Pedregal,30.00,8.00,31.00,19.00
2024-01-03,7,Pedregal,33.00,5.00,32.00,22.00
2024-01-03,8,Pedregal,35.00,5.00,27.00,17.00
2024-01-03,9,Pedregal,37.00,6.00,28.00,14.00
2024-01-03,10,Pedregal,37.00,15.00,35.00,18.00
2024-01-03,11,Pedregal,32.00,26.00,35.00,13.00
2024-01-03,12,Pedregal,,,,
2024-01-03,13,Pedregal,,,,
2024-01-03,14,Pedregal,,,,
2024-01-03,15,Pedregal,,,,
2024-01-03,16,Pedregal,,,,
2024-01-03,17,Pedregal,10.00,75.00,36.00,11.00
2024-01-03,18,Pedregal,10.00,58.00,46.00,20.00
2024-01-03,19,Pedregal,,,,
2024-01-03,20,Pedregal,,,,
2024-01-03,21,Pedregal,46.00,6.00,26.00,12.00
2024-01-03,22,Pedregal,47.00,7.00,45.00,21.00
2024-01-03,23,Pedregal,44.00,8.00,32.00,15.00
2024-01-03,24,Pedregal,45.00,5.00,33.00,18.00
2024-01-04,1,Pedregal,26.00,17.00,39.00,20.00
2024-01-04,2,Pedregal,17.00,22.00,31.00,17.00
2024-01-04,3,Pedregal,19.00,17.00,19.00,11.00
2024-01-04,4,Pedregal,10.00,25.00,15.00,9.00
2024-01-04,5,Pedregal,11.00,24.00,10.00,5.00
2024-01-04,6,Pedregal,13.00,24.00,13.00,8.00
2024-01-04,7,Pedregal,29.00,7.00,11.00,6.00
2024-01-04,8,Pedregal,32.00,5.00,14.00,7.00
2024-01-04,9,Pedregal,31.00,11.00,30.00,14.00
2024-01-04,10,Pedregal,39.00,16.00,29.00,15.00
2024-01-04,11,Pedregal,38.00,29.00,31.00,14.00
2024-01-04,12,Pedregal,23.00,43.00,33.00,17.00
2024-01-04,13,Pedregal,14.00,54.00,27.00,11.00
2024-01-04,14,Pedregal,16.00,61.00,25.00,10.00
2024-01-04,15,Pedregal,7.00,52.00,37.00,17.00
2024-01-04,16,Pedregal,6.00,47.00,22.00,6.00
2024-01-04,17,Pedregal,5.00,43.00,19.00,3.00
2024-01-04,18,Pedregal,9.00,39.00,22.00,5.00
2024-01-04,19,Pedregal,10.00,33.00,17.00,6.00
2024-01-04,20,Pedregal,9.00,34.00,22.00,10.00
2024-01-04,21,Pedregal,7.00,36.00,10.00,
2024-01-04,22,Pedregal,8.00,33.00,23.00,7.00
2024-01-04,23,Pedregal,11.00,28.00,15.00,7.00
2024-01-04,24,Pedregal,,,15.00,6.00
2024-01-05,1,Pedregal,,,23.00,11.00
2024-01-05,2,Pedregal,,,14.00,4.00
2024-01-05,3,Pedregal,,,9.00,4.00
2024-01-05,4,Pedregal,21.00,9.00,12.00,6.00
2024-01-05,5,Pedregal,16.00,15.00,12.00,6.00
2024-01-05,6,Pedregal,15.00,17.00,8.00,3.00
2024-01-05,7,Pedregal,24.00,10.00,7.00,3.00
2024-01-05,8,Pedregal,,,,
2024-01-05,9,Pedregal,29.00,11.00,17.00,7.00
2024-01-05,10,Pedregal,33.00,15.00,16.00,4.00
2024-01-05,11,Pedregal,18.00,28.00,27.00,10.00
2024-01-05,12,Pedregal,14.00,37.00,23.00,8.00
2024-01-05,13,Pedregal,11.00,46.00,,
2024-01-05,14,Pedregal,6.00,47.00,16.00,4.00
2024-01-05,15,Pedregal,3.00,41.00,12.00,3.00
2024-01-05,16,Pedregal,3.00,39.00,16.00,1.00
2024-01-05,17,Pedregal,3.00,37.00,17.00,2.00
2024-01-05,18,Pedregal,4.00,37.00,9.00,1.00
2024-01-05,19,Pedregal,9.00,31.00,16.00,3.00
2024-01-05,20,Pedregal,10.00,25.00,25.00,11.00
2024-01-05,21,Pedregal,22.00,13.00,15.00,7.00
2024-01-05,22,Pedregal,24.00,13.00,6.00,1.00
2024-01-05,23,Pedregal,31.00,5.00,15.00,7.00
2024-01-05,24,Pedregal,32.00,5.00,18.00,8.00
2024-01-06,1,Pedregal,28.00,8.00,20.00,12.00
2024-01-06,2,Pedregal,27.00,9.00,16.00,10.00
2024-01-06,3,Pedregal,28.00,6.00,13.00,7.00
2024-01-06,4,Pedregal,28.00,5.00,13.00,6.00
2024-01-06,5,Pedregal,28.00,4.00,17.00,8.00
2024-01-06,6,Pedregal,28.00,4.00,14.00,7.00
2024-01-06,7,Pedregal,27.00,4.00,14.00,7.00
2024-01-06,8,Pedregal,26.00,5.00,13.00,6.00
2024-01-06,9,Pedregal,26.00,10.00,12.00,3.00
2024-01-06,10,Pedregal,20.00,21.00,13.00,4.00
2024-01-06,11,Pedregal,17.00,28.00,16.00,9.00
2024-01-06,12,Pedregal,15.00,36.00,11.00,5.00
2024-01-06,13,Pedregal,11.00,46.00,16.00,7.00
2024-01-06,14,Pedregal,11.00,55.00,10.00,2.00
2024-01-06,15,Pedregal,9.00,66.00,14.00,4.00
2024-01-06,16,Pedregal,6.00,52.00,15.00,5.00
2024-01-06,17,Pedregal,4.00,38.00,19.00,7.00
2024-01-06,18,Pedregal,6.00,33.00,,
2024-01-06,19,Pedregal,11.00,29.00,11.00,2.00
2024-01-06,20,Pedregal,10.00,29.00,19.00,7.00
2024-01-06,21,Pedregal,15.00,20.00,8.00,3.00
2024-01-06,22,Pedregal,25.00,9.00,15.00,8.00
2024-01-06,23,Pedregal,28.00,5.00,14.00,7.00
2024-01-06,24,Pedregal,22.00,13.00,20.00,11.00
2024-01-07,1,Pedregal,16.00,21.00,13.00,5.00
2024-01-07,2,Pedregal,10.00,25.00,4.00,
2024-01-07,3,Pedregal,21.00,12.00,12.00,8.00
2024-01-07,4,Pedregal,17.00,16.00,7.00,
2024-01-07,5,Pedregal,7.00,26.00,9.00,5.00
2024-01-07,6,Pedregal,10.00,19.00,3.00,1.00
2024-01-07,7,Pedregal,16.00,12.00,9.00,7.00
2024-01-07,8,Pedregal,21.00,7.00,8.00,4.00
2024-01-07,9,Pedregal,27.00,7.00,12.00,5.00
2024-01-07,10,Pedregal,31.00,13.00,21.00,7.00
2024-01-07,11,Pedregal,30.00,23.00,30.00,14.00
2024-01-07,12,Pedregal,20.00,41.00,35.00,21.00
2024-01-07,13,Pedregal,21.00,51.00,22.00,13.00
2024-01-07,14,Pedregal,27.00,62.00,26.00,16.00
2024-01-07,15,Pedregal,20.00,72.00,36.00,23.00
2024-01-07,16,Pedregal,19.00,68.00,39.00,25.00
2024-01-07,17,Pedregal,5.00,29.00,36.00,21.00
2024-01-07,18,Pedregal,10.00,25.00,14.00,4.00
2024-01-07,19,Pedregal,11.00,21.00,12.00,6.00
2024-01-07,20,Pedregal,13.00,16.00,11.00,7.00
2024-01-07,21,Pedregal,25.00,9.00,10.00,6.00
2024-01-07,22,Pedregal,32.00,6.00,16.00,8.00
2024-01-07,23,Pedregal,39.00,5.00,23.00,11.00
2024-01-07,24,Pedregal,39.00,5.00,42.00,21.00
2024-01-08,1,Pedregal,33.00,5.00,44.00,25.00
2024-01-08,2,Pedregal,24.00,4.00,28.00,16.00
2024-01-08,3,Pedregal,,,,
2024-01-08,4,Pedregal,20.00,7.00,15.00,9.00
2024-01-08,5,Pedregal,,,,
2024-01-08,6,Pedregal,20.00,7.00,6.00,2.00
2024-01-08,7,Pedregal,23.00,5.00,9.00,4.00
2024-01-08,8,Pedregal,,,,
2024-01-08,9,Pedregal,30.00,6.00,28.00,10.00
2024-01-08,10,Pedregal,28.00,14.00,36.00,15.00
2024-01-08,11,Pedregal,20.00,25.00,21.00,7.00
2024-01-08,12,Pedregal,13.00,31.00,15.00,7.00
2024-01-08,13,Pedregal,6.00,30.00,20.00,8.00
2024-01-08,14,Pedregal,3.00,30.00,4.00,
2024-01-08,15,Pedregal,4.00,28.00,,
2024-01-08,16,Pedregal,3.00,27.00,5.00,
2024-01-08,17,Pedregal,3.00,27.00,15.00,4.00
2024-01-08,18,Pedregal,5.00,24.00,21.00,8.00
2024-01-08,19,Pedregal,7.00,22.00,,
2024-01-08,20,Pedregal,,,,
2024-01-08,21,Pedregal,22.00,6.00,12.00,5.00
2024-01-08,22,Pedregal,19.00,8.00,13.00,4.00
2024-01-08,23,Pedregal,19.00,8.00,12.00,4.00
2024-01-08,24,Pedregal,16.00,11.00,13.00,5.00
2024-01-09,1,Pedregal,15.00,10.00,9.00,4.00
2024-01-09,2,Pedregal,14.00,15.00,11.00,7.00
2024-01-09,3,Pedregal,14.00,19.00,4.00,3.00
2024-01-09,4,Pedregal,8.00,28.00,9.00,3.00
2024-01-09,5,Pedregal,11.00,21.00,12.00,2.00
2024-01-09,6,Pedregal,12.00,13.00,8.00,1.00
2024-01-09,7,Pedregal,20.00,7.00,8.00,3.00
2024-01-09,8,Pedregal,25.00,5.00,13.00,5.00
2024-01-09,9,Pedregal,33.00,7.00,20.00,5.00
2024-01-09,10,Pedregal,32.00,10.00,33.00,6.00
2024-01-09,11,Pedregal,21.00,23.00,26.00,7.00
2024-01-09,12,Pedregal,17.00,35.00,14.00,3.00
2024-01-09,13,Pedregal,17.00,42.00,13.00,4.00
2024-01-09,14,Pedregal,15.00,51.00,19.00,7.00
2024-01-09,15,Pedregal,13.00,57.00,12.00,2.00
2024-01-09,16,Pedregal,14.00,55.00,9.00,
2024-01-09,17,Pedregal,13.00,46.00,17.00,6.00
2024-01-09,18,Pedregal,20.00,45.00,19.00,7.00
2024-01-09,19,Pedregal,38.00,29.00,37.00,17.00
2024-01-09,20,Pedregal,43.00,22.00,45.00,22.00
2024-01-09,21,Pedregal,48.00,12.00,40.00,15.00
2024-01-09,22,Pedregal,43.00,14.00,54.00,20.00
2024-01-09,23,Pedregal,,,,
2024-01-09,24,Pedregal,43.00,7.00,25.00,11.00
2024-01-10,1,Pedregal,43.00,5.00,32.00,16.00
2024-01-10,2,Pedregal,40.00,7.00,26.00,10.00
2024-01-10,3,Pedregal,34.00,9.00,26.00,13.00
2024-01-10,4,Pedregal,35.00,7.00,23.00,11.00
2024-01-10,5,Pedregal,34.00,7.00,22.00,11.00
2024-01-10,6,Pedregal,36.00,5.00,26.00,13.00
2024-01-10,7,Pedregal,38.00,5.00,24.00,11.00
2024-01-10,8,Pedregal,40.00,5.00,25.00,9.00
2024-01-10,9,Pedregal,,,,
2024-01-10,10,Pedregal,39.00,20.00,31.00,9.00
2024-01-10,11,Pedregal,39.00,29.00,38.00,14.00
2024-01-10,12,Pedregal,19.00,41.00,48.00,15.00
2024-01-10,13,Pedregal,18.00,45.00,31.00,5.00
2024-01-10,14,Pedregal,15.00,49.00,25.00,6.00
2024-01-10,15,Pedregal,12.00,58.00,16.00,3.00
2024-01-10,16,Pedregal,6.00,50.00,,
2024-01-10,17,Pedregal,5.00,45.00,33.00,11.00
2024-01-10,18,Pedregal,6.00,43.00,19.00,1.00
2024-01-10,19,Pedregal,10.00,33.00,23.00,6.00
2024-01-10,20,Pedregal,18.00,23.00,24.00,12.00
2024-01-10,21,Pedregal,18.00,26.00,17.00,8.00
2024-01-10,22,Pedregal,20.00,22.00,11.00,3.00
2024-01-10,23,Pedregal,25.00,15.00,11.00,3.00
2024-01-10,24,Pedregal,,,18.00,9.00
2024-01-11,1,Pedregal,,,14.00,5.00
2024-01-11,2,Pedregal,,,13.00,6.00
2024-01-11,3,Pedregal,,,11.00,4.00
2024-01-11,4,Pedregal,16.00,13.00,12.00,6.00
2024-01-11,5,Pedregal,23.00,7.00,12.00,7.00
2024-01-11,6,Pedregal,26.00,5.00,12.00,5.00
2024-01-11,7,Pedregal,29.00,4.00,14.00,5.00
2024-01-11,8,Pedregal,30.00,4.00,27.00,5.00
2024-01-11,9,Pedregal,33.00,5.00,37.00,13.00
2024-01-11,10,Pedregal,36.00,10.00,41.00,12.00
2024-01-11,11,Pedregal,28.00,21.00,46.00,11.00
2024-01-11,12,Pedregal,19.00,35.00,28.00,9.00
2024-01-11,13,Pedregal,16.00,47.00,31.00,11.00
2024-01-11,14,Pedregal,14.00,62.00,22.00,6.00
2024-01-11,15,Pedregal,11.00,79.00,21.00,7.00
2024-01-11,16,Pedregal,11.00,80.00,23.00,4.00
2024-01-11,17,Pedregal,11.00,64.00,38.00,8.00
2024-01-11,18,Pedregal,14.00,55.00,83.00,15.00
2024-01-11,19,Pedregal,31.00,35.00,72.00,6.00
2024-01-11,20,Pedregal,43.00,17.00,85.00,19.00
2024-01-11,21,Pedregal,43.00,17.00,50.00,17.00
2024-01-11,22,Pedregal,41.00,5.00,29.00,10.00
2024-01-11,23,Pedregal,28.00,7.00,29.00,11.00
2024-01-11,24,Pedregal,31.00,5.00,19.00,7.00
2024-01-12,1,Pedregal,30.00,5.00,31.00,9.00
2024-01-12,2,Pedregal,27.00,5.00,19.00,7.00
2024-01-12,3,Pedregal,22.00,8.00,25.00,13.00
2024-01-12,4,Pedregal,18.00,10.00,15.00,9.00
2024-01-12,5,Pedregal,23.00,7.00,14.00,6.00
2024-01-12,6,Pedregal,21.00,9.00,16.00,9.00
2024-01-12,7,Pedregal,26.00,8.00,11.00,5.00
2024-01-12,8,Pedregal,,,,
2024-01-12,9,Pedregal,34.00,5.00,26.00,10.00
2024-01-12,10,Pedregal,43.00,10.00,39.00,14.00
2024-01-12,11,Pedregal,43.00,19.00,41.00,15.00
2024-01-12,12,Pedregal,30.00,40.00,41.00,15.00
2024-01-12,13,Pedregal,,,,
2024-01-12,14,Pedregal,31.00,81.00,29.00,11.00
2024-01-12,15,Pedregal,40.00,102.00,38.00,19.00
2024-01-12,16,Pedregal,25.00,98.00,52.00,30.00
2024-01-12,17,Pedregal,10.00,70.00,41.00,19.00
2024-01-12,18,Pedregal,16.00,51.00,31.00,8.00
2024-01-12,19,Pedregal,,,,
2024-01-12,20,Pedregal,35.00,21.00,32.00,13.00
2024-01-12,21,Pedregal,50.00,8.00,18.00,8.00
2024-01-12,22,Pedregal,54.00,5.00,28.00,11.00
2024-01-12,23,Pedregal,,,,
2024-01-12,24,Pedregal,42.00,5.00,54.00,26.00
2024-01-13,1,Pedregal,36.00,5.00,37.00,21.00
2024-01-13,2,Pedregal,35.00,5.00,29.00,14.00
2024-01-13,3,Pedregal,29.00,9.00,18.00,5.00
2024-01-13,4,Pedregal,18.00,18.00,26.00,14.00
2024-01-13,5,Pedregal,25.00,11.00,14.00,5.00
2024-01-13,6,Pedregal,20.00,12.00,17.00,8.00
2024-01-13,7,Pedregal,26.00,8.00,14.00,7.00
2024-01-13,8,Pedregal,26.00,9.00,20.00,11.00
2024-01-13,9,Pedregal,29.00,11.00,20.00,9.00
2024-01-13,10,Pedregal,45.00,12.00,24.00,10.00
2024-01-13,11,Pedregal,27.00,33.00,38.00,15.00
2024-01-13,12,Pedregal,17.00,41.00,30.00,13.00
2024-01-13,13,Pedregal,19.00,42.00,21.00,6.00
2024-01-13,14,Pedregal,21.00,47.00,19.00,7.00
2024-01-13,15,Pedregal,20.00,48.00,24.00,9.00
2024-01-13,16,Pedregal,17.00,52.00,30.00,16.00
2024-01-13,17,Pedregal,11.00,47.00,31.00,15.00
2024-01-13,18,Pedregal,7.00,35.00,28.00,12.00
2024-01-13,19,Pedregal,8.00,26.00,21.00,6.00
2024-01-13,20,Pedregal,22.00,23.00,12.00,4.00
2024-01-13,21,Pedregal,33.00,24.00,25.00,8.00
2024-01-13,22,Pedregal,44.00,9.00,47.00,18.00
2024-01-13,23,Pedregal,25.00,5.00,41.00,17.00
2024-01-13,24,Pedregal,20.00,5.00,23.00,11.00
2024-01-14,1,Pedregal,17.00,10.00,11.00,5.00
2024-01-14,2,Pedregal,13.00,15.00,19.00,8.00
2024-01-14,3,Pedregal,18.00,12.00,9.00,6.00
2024-01-14,4,Pedregal,23.00,9.00,13.00,5.00
2024-01-14,5,Pedregal,12.00,22.00,15.00,7.00
2024-01-14,6,Pedregal,12.00,21.00,9.00,4.00
2024-01-14,7,Pedregal,22.00,9.00,13.00,7.00
2024-01-14,8,Pedregal,26.00,6.00,11.00,6.00
2024-01-14,9,Pedregal,28.00,9.00,16.00,6.00
2024-01-14,10,Pedregal,21.00,20.00,20.00,9.00
2024-01-14,11,Pedregal,29.00,28.00,15.00,6.00
2024-01-14,12,Pedregal,37.00,38.00,31.00,18.00
2024-01-14,13,Pedregal,28.00,53.00,29.00,17.00
2024-01-14,14,Pedregal,21.00,69.00,31.00,20.00
2024-01-14,15,Pedregal,19.00,69.00,29.00,16.00
2024-01-14,16,Pedregal,17.00,74.00,28.00,14.00
2024-01-14,17,Pedregal,16.00,82.00,33.00,19.00
2024-01-14,18,Pedregal,20.00,70.00,35.00,19.00
2024-01-14,19,Pedregal,33.00,29.00,39.00,19.00
2024-01-14,20,Pedregal,37.00,23.00,48.00,17.00
2024-01-14,21,Pedregal,37.00,20.00,42.00,19.00
2024-01-14,22,Pedregal,43.00,12.00,28.00,12.00
2024-01-14,23,Pedregal,41.00,8.00,33.00,15.00
2024-01-14,24,Pedregal,41.00,5.00,22.00,9.00
2024-01-15,1,Pedregal,33.00,9.00,26.00,12.00
2024-01-15,2,Pedregal,32.00,9.00,14.00,5.00
2024-01-15,3,Pedregal,17.00,22.00,27.00,16.00
2024-01-15,4,Pedregal,11.00,26.00,5.00,0.00
2024-01-15,5,Pedregal,11.00,23.00,16.00,11.00
2024-01-15,6,Pedregal,14.00,20.00,9.00,4.00
2024-01-15,7,Pedregal,26.00,11.00,11.00,6.00
2024-01-15,8,Pedregal,32.00,6.00,17.00,6.00
2024-01-15,9,Pedregal,40.00,6.00,31.00,8.00
2024-01-15,10,Pedregal,47.00,11.00,35.00,12.00
2024-01-15,11,Pedregal,,,,
2024-01-15,12,Pedregal,48.00,39.00,38.00,16.00
2024-01-15,13,Pedregal,,,,
2024-01-15,14,Pedregal,54.00,72.00,44.00,22.00
2024-01-15,15,Pedregal,22.00,74.00,63.00,38.00
2024-01-15,16,Pedregal,21.00,86.00,26.00,13.00
2024-01-15,17,Pedregal,22.00,91.00,27.00,16.00
2024-01-15,18,Pedregal,27.00,90.00,27.00,14.00
2024-01-15,19,Pedregal,43.00,62.00,42.00,17.00
2024-01-15,20,Pedregal,64.00,25.00,46.00,20.00
2024-01-15,21,Pedregal,,,,
2024-01-15,22,Pedregal,45.00,18.00,51.00,28.00
2024-01-15,23,Pedregal,39.00,16.00,50.00,27.00
2024-01-15,24,Pedregal,31.00,21.00,50.00,26.00
2024-01-16,1,Pedregal,27.00,23.00,25.00,8.00
2024-01-16,2,Pedregal,18.00,27.00,30.00,12.00
2024-01-16,3,Pedregal,15.00,27.00,30.00,12.00
2024-01-16,4,Pedregal,11.00,31.00,21.00,10.00
2024-01-16,5,Pedregal,13.00,26.00,19.00,8.00
2024-01-16,6,Pedregal,16.00,22.00,14.00,7.00
2024-01-16,7,Pedregal,32.00,9.00,13.00,6.00
2024-01-16,8,Pedregal,37.00,5.00,21.00,9.00
2024-01-16,9,Pedregal,44.00,7.00,38.00,14.00
2024-01-16,10,Pedregal,53.00,13.00,51.00,22.00
2024-01-16,11,Pedregal,44.00,38.00,55.00,23.00
2024-01-16,12,Pedregal,39.00,58.00,59.00,28.00
2024-01-16,13,Pedregal,29.00,71.00,57.00,31.00
2024-01-16,14,Pedregal,28.00,79.00,40.00,24.00
2024-01-16,15,Pedregal,18.00,94.00,46.00,31.00
2024-01-16,16,Pedregal,14.00,94.00,29.00,13.00
2024-01-16,17,Pedregal,12.00,96.00,34.00,16.00
2024-01-16,18,Pedregal,10.00,65.00,38.00,15.00
2024-01-16,19,Pedregal,15.00,54.00,40.00,16.00
2024-01-16,20,Pedregal,19.00,48.00,32.00,12.00
2024-01-16,21,Pedregal,29.00,36.00,30.00,13.00
2024-01-16,22,Pedregal,51.00,10.00,38.00,19.00
2024-01-16,23,Pedregal,53.00,10.00,42.00,22.00
2024-01-16,24,Pedregal,,,34.00,14.00
2024-01-17,1,Pedregal,,,31.00,16.00
2024-01-17,2,Pedregal,,,18.00,7.00
2024-01-17,3,Pedregal,,,13.00,8.00
2024-01-17,4,Pedregal,14.00,30.00,21.00,12.00
2024-01-17,5,Pedregal,31.00,12.00,25.00,14.00
2024-01-17,6,Pedregal,21.00,22.00,24.00,13.00
2024-01-17,7,Pedregal,,,,
2024-01-17,8,Pedregal,39.00,5.00,29.00,13.00
2024-01-17,9,Pedregal,38.00,9.00,38.00,16.00
2024-01-17,10,Pedregal,45.00,14.00,42.00,19.00
2024-01-17,11,Pedregal,39.00,34.00,47.00,17.00
2024-01-17,12,Pedregal,31.00,53.00,51.00,24.00
2024-01-17,13,Pedregal,27.00,72.00,41.00,21.00
2024-01-17,14,Pedregal,35.00,92.00,43.00,24.00
2024-01-17,15,Pedregal,30.00,96.00,52.00,30.00
2024-01-17,16,Pedregal,29.00,111.00,55.00,34.00
2024-01-17,17,Pedregal,29.00,117.00,50.00,29.00
2024-01-17,18,Pedregal,27.00,103.00,53.00,35.00
2024-01-17,20,Pedregal,38.00,44.00,68.00,29.00
2024-01-17,21,Pedregal,48.00,15.00,87.00,34.00
2024-01-17,22,Pedregal,57.00,8.00,56.00,28.00
2024-01-17,23,Pedregal,61.00,5.00,45.00,18.00
2024-01-17,24,Pedregal,45.00,8.00,67.00,28.00
2024-01-18,1,Pedregal,34.00,13.00,39.00,21.00
2024-01-18,2,Pedregal,31.00,17.00,37.00,19.00
2024-01-18,3,Pedregal,13.00,35.00,23.00,12.00
2024-01-18,4,Pedregal,23.00,21.00,27.00,15.00
2024-01-18,5,Pedregal,10.00,36.00,26.00,12.00
2024-01-18,6,Pedregal,15.00,31.00,22.00,11.00
2024-01-18,7,Pedregal,30.00,15.00,26.00,13.00
2024-01-18,8,Pedregal,43.00,4.00,29.00,12.00
2024-01-18,9,Pedregal,44.00,8.00,53.00,21.00
2024-01-18,10,Pedregal,58.00,9.00,52.00,19.00
2024-01-18,11,Pedregal,65.00,21.00,60.00,27.00
2024-01-18,12,Pedregal,32.00,48.00,67.00,30.00
2024-01-18,13,Pedregal,30.00,52.00,37.00,17.00
2024-01-18,14,Pedregal,,,,
2024-01-18,15,Pedregal,21.00,70.00,32.00,14.00
2024-01-18,16,Pedregal,22.00,80.00,34.00,19.00
2024-01-18,17,Pedregal,21.00,89.00,34.00,19.00
2024-01-18,18,Pedregal,25.00,84.00,36.00,20.00
2024-01-18,19,Pedregal,41.00,57.00,38.00,20.00
2024-01-18,20,Pedregal,42.00,51.00,48.00,21.00
2024-01-18,21,Pedregal,50.00,39.00,53.00,30.00
2024-01-18,22,Pedregal,48.00,23.00,56.00,32.00
2024-01-18,23,Pedregal,38.00,19.00,49.00,27.00
2024-01-18,24,Pedregal,29.00,23.00,43.00,18.00
2024-01-19,1,Pedregal,18.00,29.00,27.00,9.00
2024-01-19,2,Pedregal,11.00,36.00,21.00,8.00
2024-01-19,3,Pedregal,8.00,39.00,23.00,11.00
2024-01-19,4,Pedregal,7.00,37.00,17.00,7.00
2024-01-19,5,Pedregal,,,,
2024-01-19,6,Pedregal,14.00,29.00,20.00,10.00
2024-01-19,7,Pedregal,,,,
2024-01-19,8,Pedregal,39.00,5.00,29.00,14.00
2024-01-19,9,Pedregal,38.00,10.00,40.00,15.00
2024-01-19,10,Pedregal,,,,
2024-01-19,11,Pedregal,66.00,8.00,46.00,14.00
2024-01-19,12,Pedregal,69.00,20.00,65.00,24.00
2024-01-19,13,Pedregal,62.00,28.00,65.00,30.00
2024-01-19,14,Pedregal,46.00,40.00,52.00,22.00
2024-01-19,15,Pedregal,36.00,50.00,44.00,17.00
2024-01-19,16,Pedregal,43.00,50.00,40.00,18.00
2024-01-19,17,Pedregal,32.00,59.00,56.00,26.00
2024-01-19,18,Pedregal,34.00,43.00,51.00,22.00
2024-01-19,19,Pedregal,46.00,20.00,62.00,24.00
2024-01-19,20,Pedregal,35.00,28.00,64.00,17.00
2024-01-19,21,Pedregal,31.00,26.00,54.00,11.00
2024-01-19,22,Pedregal,30.00,22.00,38.00,7.00
2024-01-19,23,Pedregal,21.00,27.00,49.00,18.00
2024-01-19,24,Pedregal,14.00,32.00,46.00,12.00
2024-01-20,1,Pedregal,17.00,28.00,24.00,3.00
2024-01-20,2,Pedregal,18.00,26.00,28.00,9.00
2024-01-20,3,Pedregal,20.00,24.00,27.00,9.00
2024-01-20,4,Pedregal,19.00,22.00,23.00,8.00
2024-01-20,5,Pedregal,18.00,24.00,27.00,11.00
2024-01-20,6,Pedregal,13.00,30.00,23.00,10.00
2024-01-20,7,Pedregal,18.00,24.00,23.00,12.00
2024-01-20,8,Pedregal,23.00,22.00,17.00,6.00
2024-01-20,9,Pedregal,25.00,20.00,21.00,10.00
2024-01-20,10,Pedregal,24.00,24.00,25.00,11.00
2024-01-20,11,Pedregal,18.00,32.00,24.00,8.00
2024-01-20,12,Pedregal,16.00,31.00,26.00,10.00
2024-01-20,13,Pedregal,19.00,37.00,22.00,6.00
2024-01-20,14,Pedregal,22.00,48.00,24.00,10.00
2024-01-20,15,Pedregal,25.00,54.00,32.00,15.00
2024-01-20,16,Pedregal,29.00,56.00,31.00,13.00
2024-01-20,17,Pedregal,25.00,51.00,44.00,23.00
2024-01-20,18,Pedregal,25.00,38.00,59.00,23.00
2024-01-20,19,Pedregal,27.00,30.00,51.00,17.00
2024-01-20,20,Pedregal,23.00,22.00,58.00,21.00
2024-01-20,21,Pedregal,23.00,19.00,43.00,15.00
2024-01-20,22,Pedregal,26.00,15.00,27.00,8.00
2024-01-20,23,Pedregal,31.00,11.00,26.00,9.00
2024-01-20,24,Pedregal,35.00,6.00,31.00,14.00
2024-01-21,1,Pedregal,35.00,4.00,35.00,16.00
2024-01-21,2,Pedregal,34.00,5.00,40.00,19.00
2024-01-21,3,Pedregal,33.00,4.00,39.00,21.00
2024-01-21,4,Pedregal,,,,
2024-01-21,5,Pedregal,32.00,4.00,33.00,17.00
2024-01-21,6,Pedregal,32.00,4.00,30.00,17.00
2024-01-21,7,Pedregal,32.00,4.00,36.00,20.00
2024-01-21,8,Pedregal,31.00,4.00,34.00,17.00
2024-01-21,9,Pedregal,33.00,7.00,37.00,19.00
2024-01-21,10,Pedregal,37.00,16.00,36.00,17.00
2024-01-21,11,Pedregal,37.00,31.00,47.00,28.00
2024-01-21,12,Pedregal,24.00,49.00,46.00,26.00
2024-01-21,13,Pedregal,26.00,44.00,42.00,23.00
2024-01-21,14,Pedregal,22.00,35.00,48.00,29.00
2024-01-21,15,Pedregal,19.00,44.00,26.00,19.00
2024-01-21,16,Pedregal,17.00,48.00,15.00,11.00
2024-01-21,17,Pedregal,24.00,47.00,24.00,18.00
2024-01-21,18,Pedregal,29.00,38.00,32.00,23.00
2024-01-21,19,Pedregal,27.00,24.00,37.00,28.00
2024-01-21,20,Pedregal,21.00,23.00,34.00,23.00
2024-01-21,21,Pedregal,21.00,19.00,25.00,15.00
2024-01-21,22,Pedregal,,,,
2024-01-21,23,Pedregal,25.00,13.00,16.00,10.00
2024-01-21,24,Pedregal,,,,
2024-01-22,1,Pedregal,30.00,9.00,22.00,13.00
2024-01-22,2,Pedregal,16.00,16.00,25.00,14.00
2024-01-22,3,Pedregal,13.00,19.00,11.00,7.00
2024-01-22,4,Pedregal,9.00,22.00,12.00,8.00
2024-01-22,5,Pedregal,14.00,15.00,11.00,7.00
2024-01-22,6,Pedregal,15.00,14.00,10.00,7.00
2024-01-22,7,Pedregal,23.00,9.00,11.00,7.00
2024-01-22,8,Pedregal,27.00,4.00,12.00,6.00
2024-01-22,9,Pedregal,33.00,9.00,19.00,7.00
2024-01-22,10,Pedregal,,,,
2024-01-22,11,Pedregal,26.00,31.00,39.00,24.00
2024-01-22,12,Pedregal,29.00,46.00,29.00,16.00
2024-01-22,13,Pedregal,24.00,54.00,30.00,18.00
2024-01-22,14,Pedregal,14.00,61.00,27.00,16.00
2024-01-22,15,Pedregal,11.00,67.00,30.00,17.00
2024-01-22,16,Pedregal,10.00,72.00,30.00,18.00
2024-01-22,17,Pedregal,9.00,62.00,32.00,19.00
2024-01-22,18,Pedregal,11.00,48.00,34.00,19.00
2024-01-22,19,Pedregal,15.00,36.00,23.00,11.00
2024-01-22,20,Pedregal,11.00,35.00,12.00,1.00
2024-01-22,21,Pedregal,12.00,31.00,21.00,12.00
2024-01-22,22,Pedregal,37.00,8.00,7.00,2.00
2024-01-22,23,Pedregal,36.00,5.00,21.00,10.00
2024-01-22,24,Pedregal,,,17.00,7.00
2024-01-23,1,Pedregal,,,11.00,5.00
2024-01-23,2,Pedregal,,,13.00,7.00
2024-01-23,3,Pedregal,,,6.00,3.00
2024-01-23,4,Pedregal,8.00,24.00,10.00,6.00
2024-01-23,5,Pedregal,11.00,21.00,14.00,10.00
2024-01-23,6,Pedregal,12.00,19.00,11.00,7.00
2024-01-23,7,Pedregal,24.00,8.00,12.00,7.00
2024-01-23,8,Pedregal,28.00,6.00,15.00,8.00
2024-01-23,9,Pedregal,29.00,9.00,20.00,9.00
2024-01-23,10,Pedregal,40.00,12.00,27.00,11.00
2024-01-23,11,Pedregal,40.00,27.00,34.00,17.00
2024-01-23,12,Pedregal,30.00,54.00,38.00,21.00
2024-01-23,13,Pedregal,21.00,67.00,34.00,19.00
2024-01-23,14,Pedregal,7.00,60.00,39.00,23.00
2024-01-23,15,Pedregal,6.00,58.00,34.00,19.00
2024-01-23,16,Pedregal,7.00,64.00,,
2024-01-23,17,Pedregal,7.00,65.00,36.00,19.00
2024-01-23,18,Pedregal,9.00,52.00,18.00,5.00
2024-01-23,19,Pedregal,9.00,43.00,27.00,9.00
2024-01-23,20,Pedregal,11.00,38.00,35.00,18.00
2024-01-23,21,Pedregal,15.00,34.00,30.00,18.00
2024-01-23,22,Pedregal,24.00,21.00,15.00,7.00
2024-01-23,23,Pedregal,32.00,12.00,14.00,6.00
2024-01-23,24,Pedregal,27.00,16.00,28.00,15.00
2024-01-24,1,Pedregal,19.00,22.00,20.00,11.00
2024-01-24,2,Pedregal,13.00,27.00,13.00,3.00
2024-01-24,3,Pedregal,11.00,25.00,19.00,11.00
2024-01-24,4,Pedregal,9.00,29.00,14.00,8.00
2024-01-24,5,Pedregal,,,,
2024-01-24,6,Pedregal,19.00,13.00,19.00,13.00
2024-01-24,7,Pedregal,,,,
2024-01-24,8,Pedregal,32.00,4.00,17.00,7.00
2024-01-24,9,Pedregal,38.00,6.00,31.00,11.00
2024-01-24,10,Pedregal,48.00,11.00,35.00,14.00
2024-01-24,11,Pedregal,30.00,31.00,41.00,19.00
2024-01-24,12,Pedregal,21.00,41.00,34.00,16.00
2024-01-24,13,Pedregal,4.00,47.00,28.00,13.00
2024-01-24,14,Pedregal,4.00,53.00,18.00,2.00
2024-01-24,15,Pedregal,4.00,59.00,22.00,6.00
2024-01-24,16,Pedregal,4.00,55.00,21.00,5.00
2024-01-24,17,Pedregal,4.00,50.00,8.00,1.00
2024-01-24,18,Pedregal,5.00,45.00,17.00,6.00
2024-01-24,19,Pedregal,8.00,41.00,13.00,6.00
2024-01-24,20,Pedregal,13.00,34.00,19.00,8.00
2024-01-24,21,Pedregal,22.00,25.00,18.00,8.00
2024-01-24,22,Pedregal,36.00,8.00,28.00,15.00
2024-01-24,23,Pedregal,,,,
2024-01-24,24,Pedregal,39.00,4.00,21.00,8.00
2024-01-25,1,Pedregal,38.00,3.00,29.00,13.00
2024-01-25,2,Pedregal,22.00,13.00,31.00,15.00
2024-01-25,3,Pedregal,8.00,22.00,12.00,6.00
2024-01-25,4,Pedregal,7.00,23.00,8.00,4.00
2024-01-25,5,Pedregal,8.00,22.00,10.00,6.00
2024-01-25,6,Pedregal,12.00,17.00,5.00,1.00
2024-01-25,7,Pedregal,22.00,8.00,11.00,7.00
2024-01-25,8,Pedregal,26.00,6.00,11.00,5.00
2024-01-25,9,Pedregal,32.00,6.00,19.00,4.00
2024-01-25,10,Pedregal,,,,
2024-01-25,11,Pedregal,39.00,23.00,45.00,15.00
2024-01-25,12,Pedregal,33.00,43.00,37.00,17.00
2024-01-25,13,Pedregal,34.00,59.00,44.00,23.00
2024-01-25,14,Pedregal,18.00,59.00,34.00,17.00
2024-01-25,15,Pedregal,5.00,44.00,28.00,15.00
2024-01-25,16,Pedregal,5.00,43.00,19.00,3.00
2024-01-25,17,Pedregal,4.00,40.00,23.00,2.00
2024-01-25,18,Pedregal,5.00,35.00,21.00,4.00
2024-01-25,19,Pedregal,7.00,30.00,16.00,1.00
2024-01-25,20,Pedregal,18.00,17.00,7.00,
2024-01-25,21,Pedregal,30.00,5.00,17.00,9.00
2024-01-25,22,Pedregal,25.00,6.00,32.00,15.00
2024-01-25,23,Pedregal,27.00,4.00,28.00,14.00
2024-01-25,24,Pedregal,27.00,4.00,26.00,11.00
2024-01-26,1,Pedregal,25.00,4.00,18.00,7.00
2024-01-26,2,Pedregal,13.00,14.00,20.00,9.00
2024-01-26,3,Pedregal,9.00,16.00,5.00,2.00
2024-01-26,4,Pedregal,8.00,15.00,7.00,4.00
2024-01-26,5,Pedregal,10.00,12.00,6.00,4.00
2024-01-26,6,Pedregal,15.00,6.00,3.00,0.00
2024-01-26,7,Pedregal,20.00,4.00,7.00,3.00
2024-01-26,8,Pedregal,21.00,5.00,12.00,4.00
2024-01-26,9,Pedregal,21.00,9.00,16.00,4.00
2024-01-26,10,Pedregal,27.00,12.00,19.00,5.00
2024-01-26,11,Pedregal,31.00,23.00,28.00,9.00
2024-01-26,12,Pedregal,26.00,37.00,30.00,14.00
2024-01-26,13,Pedregal,5.00,40.00,23.00,8.00
2024-01-26,14,Pedregal,4.00,39.00,13.00,1.00
2024-01-26,15,Pedregal,3.00,40.00,14.00,4.00
2024-01-26,16,Pedregal,5.00,40.00,22.00,6.00
2024-01-26,17,Pedregal,4.00,39.00,23.00,2.00
2024-01-26,18,Pedregal,5.00,36.00,19.00,3.00
2024-01-26,19,Pedregal,8.00,30.00,19.00,4.00
2024-01-26,20,Pedregal,8.00,28.00,12.00,2.00
2024-01-26,21,Pedregal,11.00,24.00,11.00,3.00
2024-01-26,22,Pedregal,22.00,13.00,15.00,6.00
2024-01-26,23,Pedregal,24.00,13.00,4.00,
2024-01-26,24,Pedregal,,,,
2024-01-27,1,Pedregal,10.00,24.00,17.00,9.00
2024-01-27,2,Pedregal,9.00,24.00,10.00,3.00
2024-01-27,3,Pedregal,7.00,26.00,10.00,6.00
2024-01-27,4,Pedregal,6.00,27.00,13.00,7.00
2024-01-27,5,Pedregal,5.00,27.00,11.00,6.00
2024-01-27,6,Pedregal,6.00,27.00,10.00,6.00
2024-01-27,7,Pedregal,11.00,21.00,9.00,6.00
2024-01-27,8,Pedregal,26.00,7.00,7.00,3.00
2024-01-27,9,Pedregal,27.00,9.00,16.00,6.00
2024-01-27,10,Pedregal,31.00,15.00,22.00,7.00
2024-01-27,11,Pedregal,45.00,26.00,20.00,7.00
2024-01-27,12,Pedregal,67.00,34.00,35.00,18.00
2024-01-27,13,Pedregal,37.00,53.00,54.00,30.00
2024-01-27,14,Pedregal,17.00,66.00,53.00,33.00
2024-01-27,15,Pedregal,13.00,79.00,28.00,18.00
2024-01-27,16,Pedregal,10.00,89.00,32.00,21.00
2024-01-27,17,Pedregal,8.00,91.00,27.00,12.00
2024-01-27,18,Pedregal,9.00,80.00,30.00,16.00
2024-01-27,19,Pedregal,11.00,66.00,32.00,15.00
2024-01-27,20,Pedregal,22.00,36.00,29.00,13.00
2024-01-27,21,Pedregal,21.00,30.00,56.00,11.00
2024-01-27,22,Pedregal,17.00,31.00,53.00,15.00
2024-01-27,23,Pedregal,16.00,30.00,49.00,16.00
2024-01-27,24,Pedregal,16.00,28.00,37.00,12.00
2024-01-28,1,Pedregal,21.00,20.00,49.00,26.00
2024-01-28,2,Pedregal,18.00,20.00,35.00,15.00
2024-01-28,3,Pedregal,14.00,21.00,31.00,16.00
2024-01-28,4,Pedregal,14.00,19.00,38.00,19.00
2024-01-28,5,Pedregal,19.00,13.00,32.00,17.00
2024-01-28,6,Pedregal,28.00,4.00,30.00,18.00
2024-01-28,7,Pedregal,23.00,7.00,39.00,24.00
2024-01-28,8,Pedregal,23.00,7.00,35.00,21.00
2024-01-28,9,Pedregal,20.00,13.00,35.00,21.00
2024-01-28,10,Pedregal,,,,
2024-01-28,11,Pedregal,,,,
2024-01-28,12,Pedregal,21.00,34.00,59.00,44.00
2024-01-28,13,Pedregal,26.00,46.00,67.00,47.00
2024-01-28,14,Pedregal,24.00,61.00,72.00,51.00
2024-01-28,15,Pedregal,17.00,71.00,74.00,51.00
2024-01-28,16,Pedregal,13.00,75.00,48.00,31.00
2024-01-28,17,Pedregal,16.00,81.00,40.00,24.00
2024-01-28,18,Pedregal,17.00,78.00,58.00,37.00
2024-01-28,19,Pedregal,27.00,61.00,53.00,31.00
2024-01-28,20,Pedregal,29.00,43.00,53.00,29.00
2024-01-28,21,Pedregal,25.00,39.00,54.00,27.00
2024-01-28,22,Pedregal,,,,
2024-01-28,23,Pedregal,29.00,22.00,32.00,12.00
2024-01-28,24,Pedregal,,,32.00,15.00
2024-01-29,1,Pedregal,,,23.00,10.00
2024-01-29,2,Pedregal,,,13.00,7.00
2024-01-29,3,Pedregal,,,,
2024-01-29,4,Pedregal,30.00,7.00,32.00,15.00
2024-01-29,5,Pedregal,24.00,8.00,39.00,22.00
2024-01-29,6,Pedregal,28.00,4.00,32.00,21.00
2024-01-29,7,Pedregal,27.00,4.00,38.00,27.00
2024-01-29,8,Pedregal,28.00,5.00,44.00,31.00
2024-01-29,9,Pedregal,31.00,8.00,53.00,39.00
2024-01-29,10,Pedregal,40.00,12.00,62.00,44.00
2024-01-29,11,Pedregal,51.00,26.00,70.00,47.00
2024-01-29,12,Pedregal,28.00,53.00,73.00,47.00
2024-01-29,13,Pedregal,20.00,67.00,44.00,26.00
2024-01-29,14,Pedregal,22.00,78.00,37.00,22.00
2024-01-29,15,Pedregal,29.00,77.00,41.00,26.00
2024-01-29,16,Pedregal,31.00,66.00,51.00,35.00
2024-01-29,17,Pedregal,28.00,55.00,45.00,29.00
2024-01-29,18,Pedregal,26.00,64.00,41.00,19.00
2024-01-29,19,Pedregal,22.00,57.00,53.00,24.00
2024-01-29,20,Pedregal,29.00,37.00,43.00,24.00
2024-01-29,21,Pedregal,34.00,17.00,34.00,17.00
2024-01-29,22,Pedregal,34.00,13.00,35.00,8.00
2024-01-29,23,Pedregal,36.00,10.00,30.00,12.00
2024-01-29,24,Pedregal,33.00,11.00,28.00,10.00
2024-01-30,1,Pedregal,21.00,19.00,25.00,11.00
2024-01-30,2,Pedregal,18.00,19.00,23.00,12.00
2024-01-30,3,Pedregal,14.00,22.00,13.00,8.00
2024-01-30,4,Pedregal,8.00,28.00,14.00,7.00
2024-01-30,5,Pedregal,6.00,33.00,9.00,5.00
2024-01-30,6,Pedregal,,,,
2024-01-30,7,Pedregal,,,,
2024-01-30,8,Pedregal,30.00,7.00,9.00,2.00
2024-01-30,9,Pedregal,38.00,6.00,21.00,5.00
2024-01-30,10,Pedregal,45.00,10.00,42.00,16.00
2024-01-30,11,Pedregal,47.00,17.00,47.00,21.00
2024-01-30,12,Pedregal,66.00,23.00,41.00,18.00
2024-01-30,13,Pedregal,71.00,33.00,62.00,35.00
2024-01-30,14,Pedregal,55.00,44.00,65.00,36.00
2024-01-30,15,Pedregal,25.00,41.00,48.00,22.00
2024-01-30,16,Pedregal,24.00,43.00,31.00,11.00
2024-01-30,17,Pedregal,24.00,32.00,41.00,16.00
2024-01-30,18,Pedregal,29.00,21.00,29.00,10.00
2024-01-30,19,Pedregal,31.00,20.00,35.00,14.00
2024-01-30,20,Pedregal,34.00,14.00,39.00,18.00
2024-01-30,21,Pedregal,38.00,7.00,14.00,
2024-01-30,22,Pedregal,35.00,7.00,32.00,15.00
2024-01-30,23,Pedregal,34.00,7.00,21.00,6.00
2024-01-30,24,Pedregal,32.00,8.00,22.00,8.00
2024-01-31,1,Pedregal,31.00,8.00,17.00,8.00
2024-01-31,2,Pedregal,38.00,5.00,25.00,13.00
2024-01-31,3,Pedregal,38.00,5.00,30.00,9.00
2024-01-31,4,Pedregal,35.00,5.00,33.00,13.00
2024-01-31,5,Pedregal,26.00,10.00,26.00,10.00
2024-01-31,6,Pedregal,28.00,7.00,17.00,8.00
2024-01-31,7,Pedregal,33.00,5.00,14.00,4.00
2024-01-31,8,Pedregal,36.00,5.00,46.00,16.00
2024-01-31,9,Pedregal,37.00,5.00,58.00,22.00
2024-01-31,10,Pedregal,48.00,7.00,58.00,19.00
2024-01-31,11,Pedregal,58.00,12.00,62.00,25.00
2024-01-31,12,Pedregal,62.00,24.00,73.00,32.00
2024-01-31,13,Pedregal,54.00,45.00,68.00,33.00
2024-01-31,14,Pedregal,35.00,60.00,72.00,41.00
2024-01-31,15,Pedregal,33.00,78.00,56.00,33.00
2024-01-31,16,Pedregal,28.00,91.00,49.00,29.00
2024-01-31,17,Pedregal,18.00,90.00,57.00,34.00
2024-01-31,18,Pedregal,8.00,63.00,51.00,27.00
2024-01-31,19,Pedregal,12.00,45.00,26.00,6.00
2024-01-31,20,Pedregal,16.00,39.00,23.00,9.00
2024-01-31,21,Pedregal,,,,
2024-01-31,22,Pedregal,19.00,30.00,49.00,21.00
2024-01-31,23,Pedregal,22.00,27.00,42.00,17.00
2024-01-31,24,Pedregal,27.00,23.00,23.00,6.00
"					",,,,,,
